汉字,漢越語,IPA
一,Nhất,ɲɤt7
丨,Cổn,kon3
丶,Chủ,tʂu3
丿,Phiệt,fiet8
乀,Phật,fɤt8
乙,Ất,ɤt7
亅,Quyết,kwiet7
丁,Tranh,tʂa:ɲ1
丁,Đinh,diɲ1
丂,Khảo,xa:w3
七,Thất,t'ɤt7
乂,Nghệ,ŋe6
乃,Nãi,na:j4
九,Cửu,kɯw3
了,Liễu,liew4
二,Nhị,ɲi6
人,Nhân,ɲɤn1
入,Nhập,ɲɤp8
八,Bát,ba:t7
冖,Mịch,miʧ8
冫,Băng,baŋ1
几,Kỉ,ki3
凵,Khảm,xa:m3
刀,Đao,da:w1
刁,Điêu,diew1
力,Lực,lɯk8
勹,Bao,ba:w1
匕,Chủy,tʂwi3
匚,Phương,fɯɤŋ1
匸,Hệ,he6
十,Thập,t'ɤp8
卜,Bốc,bok7
厂,Hán,ha:n5
厶,Tư,tɯ1
又,Hựu,hɯw6
廴,Dẫn,zɤn4
万,Mặc,mak8
丈,Trượng,tʂɯɤŋ6
三,Tam,ta:m1
上,Thượng,t'ɯɤŋ6
上,Thướng,t'ɯɤŋ5
下,Hạ,ha:6
丫,A,a:1
丸,Hoàn,hwa:n2
久,Cửu,kɯw3
乞,Khất,xɤt7
也,Dã,za:4
亍,Xúc,suk7
于,Vu,vu1
亡,Vong,vɔŋ1
兀,Ngột,ŋot8
凡,Phàm,fa:m2
刃,Nhận,ɲɤn6
勺,Thược,t'ɯɤk8
千,Thiên,t'ien1
叉,Xoa,swa:1
口,Khẩu,xɤw3
囗,Vi,vi1
土,Thổ,t'o3
土,Độ,do6
士,Sĩ,ʂi4
夂,Truy,tʂwi1
夊,Tuy,twi1
夕,Tịch,tiʧ8
大,Đại,da:j6
大,Đại,da:j6
女,Nữ,nɯ4
女,Nứ,nɯ5
子,Tử,tɯ3
孑,Kiết,kiet7
孒,Quyết,kwiet7
宀,Miên,mien1
寸,Thốn,t'on5
小,Tiểu,tiew3
尸,Thi,t'i1
屮,Triệt,tʂiet8
山,San,ʂa:n1
川,Xuyên,swien1
工,Công,koŋ1
己,Kỉ,ki3
已,Dĩ,zi4
巳,Tị,ti6
巾,Cân,kɤn1
干,Can,ka:n1
幺,Yêu,iew1
广,Nghiễm,ŋiem4
廾,Củng,kuŋ3
弋,Dặc,zak8
弓,Cung,kuŋ1
彐,Kí,ki5
彡,Sam,ʂa:m1
彳,Xích,siʧ7
才,Tài,ta:j2
不,Bất,bɤt7
丐,Cái,ka:j5
丑,Sửu,ʂɯw3
中,Trung,tʂuŋ1
中,Trúng,tʂuŋ5
丯,Phong,fɔŋ1
丹,Đan,da:n1
之,Chi,tʂi1
予,Dư,zɯ1
予,Dữ,zɯ4
云,Vân,vɤn1
互,Hỗ,ho4
五,Ngũ,ŋu4
井,Tỉnh,tiɲ3
亢,Cang,ka:ŋ1
亢,Kháng,xa:ŋ5
什,Thập,t'ɤp8
仁,Nhân,ɲɤn1
仃,Đinh,diɲ1
仄,Trắc,tʂak7
仆,Phó,fɔ5
仇,Cừu,kɯw2
仉,Chưởng,tʂɯɤŋ3
今,Kim,kim1
介,Giới,ʑɤ:j5
仍,Nhưng,ɲɯŋ1
允,Duẫn,zuɤn4
允,Doãn,zwa:n4
元,Nguyên,ŋwien1
內,Nội,noj6
公,Công,koŋ1
六,Lục,luk8
兮,Hề,he2
内,Nội,noj6
冈,Cương,kɯɤŋ1
冗,Nhũng,ɲuŋ4
凶,Hung,huŋ1
分,Phân,fɤn1
分,Phận,fɤn6
切,Thế,t'e5
切,Thiết,t'iet7
刈,Ngải,ŋa:j3
勻,Quân,kwɤn1
勿,Vật,vɤt8
化,Hóa,hwa:5
匹,Thất,t'ɤt7
卅,Tạp,ta:p8
升,Thăng,t'aŋ1
午,Ngọ,ŋɔ6
卞,Biện,bien6
卬,Ngang,ŋa:ŋ1
厄,Ách,a:ʧ7
及,Cập,kɤp8
友,Hữu,hɯw4
反,Phiên,fien1
反,Phản,fa:n3
壬,Nhâm,ɲɤm1
天,Thiên,t'ien1
太,Thái,t'a:j5
夫,Phu,fu1
夬,Quái,kwa:j5
夭,Yêu,iew1
夭,Yểu,iew3
孔,Khổng,koŋ3
少,Thiểu,t'iew3
少,Thiếu,t'iew5
尤,Vưu,vɯw1
尹,Duẫn,zuɤn4
尺,Xích,siʧ7
屯,Đồn,don2
屯,Truân,tʂwɤn1
巴,Ba,ba:1
巿,Phất,fɤt7
帀,Táp,ta:p7
幻,Huyễn,hwien4
廿,Nhập,ɲɤp8
弌,Nhất,ɲɤt7
弔,Điếu,diew5
弔,Đích,diʧ7
引,Dẫn,zɤn4
心,Tâm,tɤm1
戈,Qua,qwa:1
戶,Hộ,ho6
手,Thủ,t'u3
扎,Trát,tʂa:t7
支,Chi,tʂi1
攴,Phộc,fok8
文,Văn,van1
斗,Đẩu,dɤw3
斤,Cân,kɤn1
方,Phương,fɯɤŋ1
旡,Kí,ki5
日,Nhật,ɲɤt8
曰,Viết,viet7
月,Nguyệt,ŋwiet8
木,Mộc,mok8
欠,Khiếm,xiem5
止,Chỉ,tʂi3
歹,Ngạt,ŋa:t8
殳,Thù,t'u2
毋,Vô,vo1
比,Tỉ,ti3
毛,Mao,ma:w1
氏,Thị,t'i6
水,Thủy,t'wi3
火,Hỏa,hwa:3
爪,Trảo,tʂa:w3
父,Phủ,fu3
父,Phụ,fu6
爻,Hào,ha:w2
片,Phiến,fien5
牙,Nha,ɲa:1
牛,Ngưu,ŋɯw1
犬,Khuyển,xwien3
王,Vương,vɯɤŋ1
王,Vượng,vɯɤŋ6
瓦,Ngõa,ŋwa:4
且,Thả,t'a:3
且,Thư,t'ɯ1
丕,Phi,fi1
世,Thế,t'e5
丘,Khưu,xɯw1
丙,Bính,biɲ5
丱,Quán,kwa:n5
主,Chủ,tʂu3
乍,Sạ,ʂa:6
乎,Hồ,ho2
乏,Phạp,fa:p8
仔,Tử,tɯ3
仕,Sĩ,ʂi4
他,Tha,t'a:1
仗,Trượng,tʂɯɤŋ6
付,Phó,fɔ5
仙,Tiên,tien1
仝,Đồng,doŋ2
仞,Nhận,ɲɤn6
仟,Thiên,t'ien1
仡,Ngật,ŋɤt8
代,Đại,da:j6
令,Lệnh,leɲ6
以,Dĩ,zi4
兄,Huynh,hwiɲ1
冉,Nhiễm,ɲiem4
册,Sách,ʂa:ʧ7
冬,Đông,doŋ1
凷,Khối,xoj5
凸,Đột,dot8
凹,Ao,a:w1
出,Xuất,swɤt7
刊,San,ʂa:n1
功,Công,koŋ1
加,Gia,ʑa:1
匃,Cái,ka:j5
包,Bao,ba:w1
北,Bắc,bak7
匜,Di,zi1
卉,Hủy,hwi3
半,Bán,ba:n5
卌,Tấp,tɤp7
占,Chiêm,tʂiem1
占,Chiếm,tʂiem5
卮,Chi,tʂi1
卯,Mão,ma:w4
去,Khử,xɯ3
去,Khứ,xɯ5
古,Cổ,ko3
句,Câu,kɤw1
句,Cú,ku5
叨,Đao,da:w1
叩,Khấu,xɤw5
只,Chỉ,tʂi3
叫,Khiếu,xiew5
召,Triệu,tʂiew6
叮,Đinh,diɲ1
可,Khả,xa:3
台,Di,zi1
台,Thai,t'a:j1
叱,Sất,ʂɤt5
史,Sử,ʂɯ3
右,Hữu,hɯw4
叵,Phả,fa:3
叶,Hiệp,hiep8
司,Tư,tɯ1
囚,Tù,tu2
四,Tứ,tɯ5
外,Ngoại,ŋwa:j6
央,Ương,ɯɤŋ1
失,Thất,t'ɤt7
夲,Thao,t'a:w1
奴,Nô,no1
孕,Dựng,zɯŋ6
宁,Trữ,tʂɯ4
宂,Nhũng,ɲuŋ4
它,Tha,t'a:1
宄,Quỹ,kwi4
尒,Nhĩ,ɲi4
尻,Khào,xa:w2
尼,Ni,ni1
屴,Lực,lɯk8
左,Tả,ta:3
巧,Xảo,sa:w3
巨,Cự,kɯ6
市,Thị,t'i6
布,Bố,bo5
平,Bình,biɲ2
幼,Ấu,ɤw5
庀,Phỉ,fi3
弁,Biền,bien2
弍,Nhị,ɲi6
弗,Phất,fɤt7
弘,Hoằng,hwaŋ2
必,Tất,tɤt7
忉,Đao,da:w1
戊,Mậu,mɤw6
戹,Ách,a:ʧ7
扒,Bái,ba:j5
打,Đả,da:3
扔,Nhưng,ɲɯŋ1
扔,Nhận,ɲɤn6
斥,Xích,siʧ7
旦,Đán,da:n5
未,Vị,vi6
末,Mạt,ma:t8
本,Bổn,bon3
札,Trát,tʂa:t7
朮,Truật,tʂwɤt8
正,Chính,tʂiɲ5
正,Chinh,tʂiɲ1
母,Mẫu,mɤw4
氐,Đê,de1
民,Dân,zɤn1
永,Vĩnh,viɲ4
氾,Phiếm,fiem5
汀,Đinh,diɲ1
汁,Trấp,tʂɤp7
犯,Phạm,fa:m6
玄,Huyền,hwien2
玉,Ngọc,ŋɔk8
瓜,Qua,qwa:1
甘,Cam,ka:m1
生,Sinh,ʂiɲ1
用,Dụng,zuŋ6
田,Điền,dien2
由,Do,zɔ1
甲,Giáp,ʑa:p7
申,Thân,t'ɤn1
疋,Nhã,ɲa:4
疋,Sơ,ʂɤ:1
疒,Nạch,na:ʧ8
癶,Bát,ba:t7
白,Bạch,ba:ʧ8
皮,Bì,bi2
皿,Mãnh,ma:ɲ4
目,Mục,muk8
矛,Mâu,mɤw1
矢,Thỉ,t'i3
石,Thạch,t'a:ʧ8
示,Kì,ki2
示,Thị,t'i6
禾,Hòa,hwa:2
穴,Huyệt,hwiet8
立,Lập,lɤp8
艽,Giao,ʑa:w1
艽,Cừu,kɯw2
邘,Vu,vu1
邙,Mang,ma:ŋ1
邛,Cung,kuŋ1
阡,Thiên,t'ien1
阤,Đà,da:2
丞,Thừa,t'ɯɤ2
丞,Chưng,tʂɯŋ1
乩,Kê,ke1
亙,Cắng,kaŋ5
交,Giao,ʑa:w1
亥,Hợi,hɤ:j6
亦,Diệc,ziek8
仰,Ngưỡng,ŋɯɤŋ4
仲,Trọng,tʂɔŋ6
仳,Tỉ,ti3
仵,Ngỗ,ŋo4
件,Kiện,kien6
任,Nhậm,ɲɤm6
份,Phân,fɤn1
仿,Phảng,fa:ŋ3
企,Xí,si5
伃,Dư,zɯ1
伉,Kháng,xa:ŋ5
伊,Y,i1
伋,Cấp,kɤp7
伍,Ngũ,ŋu4
伎,Kĩ,ki4
伏,Phục,fuk8
伐,Phạt,fa:t8
休,Hưu,hɯw1
充,Sung,ʂuŋ1
兆,Triệu,tʂiew6
兇,Hung,huŋ1
先,Tiên,tien1
光,Quang,kwa:ŋ1
全,Toàn,twa:n2
共,Cộng,koŋ6
再,Tái,ta:j5
冰,Băng,baŋ1
冱,Hộ,ho6
冲,Xung,suŋ1
刎,Vẫn,vɤn4
刑,Hình,hiɲ2
刓,Ngoan,ŋwa:n1
刖,Ngoạt,ŋwa:t8
列,Liệt,liet8
劣,Liệt,liet8
匈,Hung,huŋ1
匠,Tượng,tɯɤŋ6
匡,Khuông,xuoŋ1
印,Ấn,ɤn5
危,Nguy,ŋwi1
吁,Hu,hu1
吃,Ngật,ŋɤt8
各,Các,ka:k7
合,Hợp,hɤ:p8
吉,Cát,ka:t7
同,Đồng,doŋ2
名,Danh,za:ɲ1
后,Hậu,hɤw6
吏,Lại,la:j6
吐,Thổ,t'o3
向,Hướng,hɯɤŋ5
吒,Trá,tʂa5
回,Hồi,hoj2
囟,Tín,tin5
因,Nhân,ɲɤn1
在,Tại,ta:j6
圬,Ô,o1
圭,Khuê,xwe1
圮,Bĩ,bi4
圯,Di,zi1
地,Địa,die6
壮,Tráng,tʂa:ŋ5
夙,Túc,tuk7
多,Đa,da:1
夷,Di,zi1
夸,Khoa,xwa:1
奼,Xá,sa:5
好,Hảo,ha:w3
好,Hiếu,hiew5
妁,Chước,tʂɯɤk7
如,Như,ɲɯ1
妃,Phi,fi1
妄,Vọng,vɔŋ6
字,Tự,tɯ6
存,Tồn,ton2
孙,Tôn,ton1
宅,Trạch,tʂa:ʧ8
宇,Vũ,vu4
守,Thủ,t'u3
守,Thú,t'u5
安,An,a:n1
寺,Tự,tɯ6
尖,Tiêm,tiem1
屹,Ngật,ŋɤt8
屺,Dĩ,zi4
屼,Ngột,ŋot8
岌,Ngập,ŋɤp8
州,Châu,tʂɤw1
巡,Tuần,twɤn2
帆,Phàm,fa:m2
年,Niên,nien1
延,Diên,zien1
廷,Đình,diɲ2
弎,Tam,ta:m1
式,Thức,t'ɯk7
弛,Thỉ,t'i3
忖,Thốn,t'on5
忙,Mang,ma:ŋ1
戌,Tuất,twɤt7
戍,Thú,t'u5
戎,Nhung,ɲuŋ1
成,Thành,t'a:ɲ2
扛,Giang,ʑa:ŋ1
扞,Hãn,ha:n4
扢,Cột,kot8
扣,Khấu,xɤw5
扱,Tráp,tʂa:p7
收,Thu,t'u1
攷,Khảo,xa:w3
旨,Chỉ,tʂi3
早,Tảo,ta:w3
旬,Tuần,twɤn2
旭,Húc,huk7
曲,Khúc,xuk7
有,Hữu,hɯw4
朱,Chu,tʂu1
朴,Phác,fa:k7
朵,Đóa,dwa:5
朽,Hủ,hu3
次,Thứ,t'ɯ5
此,Thử,t'ɯ3
死,Tử,tɯ3
汊,Xá,sa:5
汍,Hoàn,hwa:n2
汎,Phiếm,fiem5
汐,Tịch,tiʧ8
汕,Sán,ʂa:n5
汗,Hãn,ha:n4
汙,Ố,o5
汛,Tấn,tɤn5
汜,Tỉ,ti3
汝,Nhữ,ɲɯ4
江,Giang,ʑa:ŋ1
池,Trì,tʂi2
污,Ô,o1
汲,Cấp,kɤp7
灰,Hôi,hoj1
灰,Khôi,xoj1
牝,Tẫn,tɤn4
牟,Mâu,mɤw1
犴,Ngạn,ŋa:n6
犴,Ngan,ŋa:n1
百,Bách,ba:ʧ7
礽,Nhưng,ɲɯŋ1
祁,Kì,ki2
穵,Ấp,ɤp7
穵,Oạt,wa:t8
竹,Trúc,tʂuk7
米,Mễ,me4
糸,Mịch,miʧ8
缶,Phẫu,fɤw4
羊,Dương,zɯɤŋ1
羽,Vũ,vu4
老,Lão,la:w4
考,Khảo,xa:w3
而,Nhi,ɲi1
耒,Lỗi,loj4
耳,Nhĩ,ɲi4
聿,Duật,zuɤt8
肉,Nhục,ɲuk8
肋,Lặc,lak8
肌,Cơ,kɤ:1
肎,Khẳng,xaŋ3
臣,Thần,t'ɤn2
自,Tự,tɯ6
至,Chí,tʂi5
臼,Cữu,kɯw4
舌,Thiệt,t'iet8
舛,Suyễn,ʂwien4
舟,Châu,tʂɤw1
艮,Cấn,kɤn5
色,Sắc,ʂak7
艸,Thảo,t'a:w3
芃,Bồng,boŋ2
芄,Hoàn,hwa:n2
芊,Thiên,t'ien1
芋,Hu,hu1
芋,Dụ,zu6
芍,Thược,t'ɯɤk8
芎,Khung,xuŋ1
芑,Khỉ,xi3
芒,Mang,ma:ŋ1
芝,Chi,tʂi1
芨,Cập,kɤp8
虍,Hô,ho1
虫,Hủy,hwi3
血,Huyết,hwiet7
血,Huyết,hwiet7
行,Hàng,ha:ŋ2
行,Hành,ha:ɲ2
行,Hạnh,ha:ɲ6
衣,Y,i1
衣,Ý,i5
襾,Á,a:5
西,Tê (Tây),te1
迂,Vu,vu1
迄,Hất,hɤt7
迅,Tấn,tɤn5
迆,Dĩ,zi4
邠,Bân,bɤn1
邡,Phương,fɯɤŋ1
邢,Hình,hiɲ2
那,Na,na:1
邦,Bang,ba:ŋ1
邨,Thôn,t'on1
邪,Tà,ta:2
邪,Da,za:1
阪,Phản,fa:n3
阬,Khanh,xa:ɲ1
阮,Nguyễn,ŋwien4
阯,Chỉ,tʂi3
阱,Tịnh,tiɲ6
防,Phòng,fɔŋ2
并,Tinh,tiɲ1
并,Tịnh,tiɲ6
丣,Dậu,zɤw6
串,Xuyến,swien5
亨,Hanh,ha:ɲ1
伯,Bá,ba:5
估,Cổ,ko3
伱,Nễ,ne4
伴,Bạn,ba:n6
伶,Linh,liɲ1
伸,Thân,t'ɤn1
伺,Tứ,tɯ5
伻,Bình,biɲ2
似,Tự,tɯ6
伽,Già,ʑa:2
佃,Điền,dien2
但,Đãn,da:n4
佇,Trữ,tʂɯ4
佈,Bố,bo5
佉,Khư,xɯ1
佋,Thiệu,t'iew6
位,Vị,vi6
低,Đê,de1
住,Trụ,tʂu6
住,Trú,tʂu5
佐,Tá,ta:5
佑,Hựu,hɯw6
佔,Chiếm,tʂiem5
何,Hà,ha:2
佗,Đà,da:2
佗,Tha,t'a:1
余,Dư,zɯ1
佚,Dật,zɤt8
佛,Phật,fɤt8
作,Tác,ta:k7
佞,Nịnh,niɲ6
佟,Đông,doŋ1
你,Nhĩ,ɲi4
克,Khắc,xak7
兌,Đoài,dwa:j2
免,Miễn,mien4
兕,Hủy,hwi3
兵,Binh,biɲ1
况,Huống,huoŋ5
冶,Dã,za:4
冷,Lãnh,la:ɲ4
初,Sơ,ʂɤ:1
删,San,ʂa:n1
判,Phán,fa:n5
別,Biệt,biet8
利,Lợi,lɤ:j6
助,Trợ,tʂɤ:6
努,Nỗ,no4
劫,Kiếp,kiep7
劬,Cù,ku2
劭,Thiệu,t'iew6
匣,Hạp,ha:p8
卣,Dữu,zɯw4
卲,Thiệu,t'iew6
即,Tức,tɯk7
卵,Noãn,nwa:n4
厎,Chỉ,tʂi3
君,Quân,kwɤn1
吝,Lận,lɤn6
吞,Thôn,t'on1
吟,Ngâm,ŋɤm1
吠,Phệ,fe6
否,Phủ,fu3
否,Bĩ,bi4
吧,Ba,ba:1
吪,Ngoa,ŋwa:1
含,Hàm,ha:m2
吭,Hàng,ha:ŋ2
吮,Duyện,zwien6
启,Khải,xa:j3
吱,Chi,tʂi1
吳,Ngô,ŋo1
吵,Sảo,ʂa:w3
吶,Niệt,niet8
吸,Hấp,hɤp7
吹,Xuy,swi1
吹,Xúy,swi5
吻,Vẫn,vɤn4
吼,Hống,hoŋ5
吽,Hồng,hoŋ2
吾,Ngô,ŋo1
呀,Nha,ɲa:1
呂,Lữ,lɯ4
呃,Ách,a:ʧ7
呈,Trình,tʂiɲ2
告,Cáo,ka:w5
告,Cốc,kok7
囤,Độn,don6
囪,Thông,t'oŋ1
囪,Song,ʂɔŋ1
囮,Ngoa,ŋwa:1
困,Khốn,xon5
圻,Kì,ki2
址,Chỉ,tʂi3
坂,Phản,fa:n3
均,Quân,kwɤn1
坊,Phường,fɯɤŋ2
坌,Bộn,bon6
坍,Than,t'a:n1
坎,Khảm,xa:m3
坏,Phôi,foj1
坐,Tọa,twa:6
坑,Khanh,xa:ɲ1
块,Khối,xoj5
壯,Tráng,tʂa:ŋ5
夆,Phùng,fuŋ2
夾,Giáp,ʑa:p7
妊,Nhâm,ɲɤm1
妍,Nghiên,ŋien1
妒,Đố,do5
妓,Kĩ,ki4
妖,Yêu,iew1
妙,Diệu,ziew6
妝,Trang,tʂa:ŋ1
妣,Tỉ,ti3
妤,Dư,zɯ1
妥,Thỏa,t'wa:3
妨,Phương,fɯɤŋ1
姊,Tỉ,ti3
姒,Tự,tɯ6
孚,Phu,fu1
孛,Bột,bot8
孜,Tư,tɯ1
孝,Hiếu,hiew5
宋,Tống,toŋ5
完,Hoàn,hwa:n2
宏,Hoằng,hwaŋ2
尨,Mang,ma:ŋ1
尪,Uông,uoŋ1
尬,Giới,ʑɤ:j5
尾,Vĩ,vi4
尿,Niệu,niew6
局,Cục,kuk8
屁,Thí,t'i5
岐,Kì,ki2
岑,Sầm,ʂɤm2
岔,Xóa,swa:5
岔,Xá,sa:5
巵,Chi,tʂi1
希,Hi,hi1
庇,Tí,ti5
床,Sàng,ʂa:ŋ2
庋,Quỷ,kwi3
庋,Kĩ,ki4
序,Tự,tɯ6
弄,Lộng,loŋ6
弟,Đễ,de4
弟,Đệ,de6
形,Hình,hiɲ2
彤,Đồng,doŋ2
彷,Bàng,ba:ŋ2
彷,Phảng,fa:ŋ3
役,Dịch,ziʧ8
忌,Kị,ki6
忍,Nhẫn,ɲɤn4
忒,Thắc,t'ak7
志,Chí,tʂi5
忘,Vong,vɔŋ1
忡,Xung,suŋ1
忤,Ngỗ,ŋo4
快,Khoái,xwa:j5
忭,Biện,bien6
忮,Kĩ,ki4
忱,Thầm,t'ɤm2
忸,Nữu,nɯw4
忻,Hân,hɤn1
忼,Khảng,xa:ŋ3
我,Ngã,ŋa:4
戒,Giới,ʑɤ:j5
戼,Mão,ma:w4
扭,Nữu,nɯw4
扮,Bán,ba:n5
扯,Xả,sa:3
扳,Ban,ba:n1
扵,Ư,ɯ1
扶,Phù,fu2
批,Phê,fe1
扺,Chỉ,tʂi3
扼,Ách,a:ʧ7
技,Kĩ,ki4
抃,Biện,bien6
抄,Sao,ʂa:w1
抆,Vấn,vɤn5
抉,Quyết,kwiet7
把,Bả,ba:3
抑,Ức,ɯk7
抒,Trữ,tʂɯ4
抓,Trao,tʂa:w1
抓,Trảo,tʂa:w3
抔,Bồi,boj2
投,Đầu,dɤw2
抖,Đẩu,dɤw3
抗,Kháng,xa:ŋ5
折,Chiết,tʂiet7
拋,Phao,fa:w1
拒,Cự,kɯ6
拟,Nghĩ,ŋi4
攸,Du,zu1
改,Cải,ka:j3
攻,Công,koŋ1
旰,Cán,ka:n5
旱,Hạn,ha:n6
更,Canh,ka:ɲ1
更,Cánh,ka:ɲ5
杅,Vu,vu1
杆,Can,ka:n1
杇,Ô,o1
杈,Xoa,swa:1
杉,Sam,ʂa:m1
杌,Ngột,ŋot8
李,Lí,li5
杏,Hạnh,ha:ɲ6
材,Tài,ta:j2
村,Thôn,t'on1
杓,Thược,t'ɯɤk8
杕,Đệ,de6
杖,Trượng,tʂɯɤŋ6
杗,Mang,ma:ŋ1
杙,Dặc,zak8
杜,Đỗ,do4
杞,Kỉ,ki3
束,Thúc,t'uk7
杠,Giang,ʑa:ŋ1
步,Bộ,bo6
每,Mỗi,moj4
求,Cầu,kɤw2
汞,Hống,hoŋ5
汧,Khiên,xien1
汨,Mịch,miʧ8
汩,Cốt,kot7
汪,Uông,uoŋ1
汭,Nhuế,ɲwe5
汰,Thải,t'a:j3
汴,Biện,bien6
汶,Vấn,vɤn5
決,Quyết,kwiet7
汾,Phần,fɤn2
沁,Thấm,t'ɤm5
沂,Nghi,ŋi1
沃,Ốc,ok7
沅,Nguyên,ŋwien1
沆,Hàng,ha:ŋ2
沆,Hãng,ha:ŋ4
沇,Duyện,zwien6
沉,Trầm,tʂɤm2
沌,Độn,don6
沐,Mộc,mok8
沒,Một,mot8
沔,Miện,mien6
沖,Xung,suŋ1
沙,Sa,ʂa:1
沚,Chỉ,tʂi3
沛,Bái,ba:j5
泐,Lặc,lak8
泛,Phiếm,fiem5
灸,Cứu,kɯw5
灼,Chước,tʂɯɤk7
災,Tai,ta:j1
牡,Mẫu,mɤw4
牢,Lao,la:w1
牣,Nhận,ɲɤn6
狁,Duẫn,zuɤn4
狂,Cuồng,kuoŋ2
狃,Nữu,nɯw4
狄,Địch,diʧ8
玕,Can,ka:n1
玖,Cửu,kɯw3
甫,Phủ,fu3
甬,Dũng,zuŋ4
男,Nam,na:m1
甸,Điện,dien6
町,Đinh,diɲ1
疓,Đinh,diɲ1
皁,Tạo,ta:w6
盯,Trành,tʂa:ɲ2
盯,Đinh,diɲ1
矣,Hĩ,hi4
社,Xã,sa:4
礿,Dược,zɯɤk8
祀,Tự,tɯ6
禿,Ngốc,ŋok7
秀,Tú,tu5
私,Tư,tɯ1
究,Cứu,kɯw5
穷,Cùng,kuŋ2
系,Hệ,he6
罕,Hãn,ha:n4
羋,Mị,mi6
羌,Khương,xɯɤŋ1
肓,Hoang,hwan:ŋ1
肖,Tiếu,tiew5
肘,Trửu,tʂɯw3
肚,Đỗ,do4
肛,Giang,ʑa:ŋ1
肝,Can,ka:n1
良,Lương,lɯɤŋ1
芘,Tỉ,ti3
芘,Tí,ti5
芙,Phù,fu2
芟,Sam,ʂa:m1
芡,Khiếm,xiem5
芣,Phù,fu2
芥,Giới,ʑɤ:j5
芧,Trữ,tʂɯ4
芩,Cầm,kɤm2
芪,Kì,ki2
芫,Nguyên,ŋwien1
芬,Phân,fɤn1
芭,Ba,ba:1
芮,Nhuế,ɲwe5
芰,Kị,ki6
花,Hoa,hwa:1
芳,Phương,fɯɤŋ1
芷,Chỉ,tʂi3
芸,Vân,vɤn1
芹,Cần,kɤn2
芼,Mạo,ma:w6
芽,Nha,ɲa:1
芾,Phất,fɤt7
苡,Dĩ,zi4
苣,Cự,kɯ6
見,Kiến,kien5
角,Giác,ʑa:k7
言,Ngôn,ŋon1
谷,Cốc,kok7
豆,Đậu,dɤw6
豕,Thỉ,t'i3
豸,Trại,tʂa:j6
豸,Trĩ,tʂi4
貝,Bối,boj5
赤,Xích,siʧ7
走,Tẩu,tɤw3
足,Túc,tuk7
身,Thân,t'ɤn1
車,Xa,sa:1
辛,Tân,tɤn1
辰,Thần,t'ɤn2
辵,Xước,sɯɤk7
迍,Truân,tʂwɤn1
迎,Nghênh,ŋeɲ1
迎,Nghịnh,ŋiɲ6
近,Cận,kɤn6
迒,Hàng,ha:ŋ2
迓,Nhạ,ɲa:6
返,Phản,fa:n3
迕,Ngỗ,ŋo4
邑,Ấp,ɤp7
邯,Hàm,ha:m2
邰,Thai,t'a:j1
邱,Khâu,xɤw1
邲,Bật,bɤt8
邳,Bi,bi1
邵,Thiệu,t'iew6
邶,Bội,boj6
邸,Để,de3
邹,Trâu,tʂɤw1
酉,Dậu,zɤw6
釆,Biện,bien6
里,Lí,li5
阸,Ách,a:ʧ7
阻,Trở,tʂɤ:3
阼,Tộ,to6
阽,Diêm,ziem1
阿,A,a:1
陀,Đà,da:2
陂,Bi,bi1
陂,Bí,bi5
附,Phụ,fu6
並,Tịnh,tiɲ6
乖,Quai,kwa:j1
乳,Nhũ,ɲu4
事,Sự,ʂɯ6
些,Ta,ta:1
亞,Á,a:5
亟,Khí,xi5
亟,Cức,kɯk7
享,Hưởng,hɯɤŋ3
京,Kinh,kiɲ1
佩,Bội,boj6
佯,Dương,zɯɤŋ1
佰,Bách,ba:ʧ7
佳,Giai,ʑa:j1
佶,Cát,ka:t7
佺,Thuyên,t'wien1
佻,Điêu,diew1
佼,Giảo,ʑa:w3
佽,Thứ,t'ɯ5
佾,Dật,zɤt8
使,Sử,ʂɯ3
使,Sứ,ʂɯ5
侁,Sân,ʂɤn1
侃,Khản,xa:n3
侄,Chất,tʂɤt7
來,Lai,la:j1
侈,Xỉ,si3
例,Lệ,le6
侍,Thị,t'i6
侏,Chu,tʂu1
侑,Hựu,hɯw6
侔,Mâu,mɤw1
侖,Lôn,lon1
侗,Đồng,doŋ2
侗,Thống,t'oŋ5
侘,Sá,ʂa:5
侚,Tuẫn,twɤn4
供,Cung,kuŋ1
依,Y,i1
兒,Nhi,ɲi1
兔,Thố,t'o5
兩,Lưỡng,lɯɤŋ4
兩,Lượng,lɯɤŋ6
其,Kì,ki2
具,Cụ,ku6
典,Điển,dien3
冽,Liệt,liet8
凭,Bằng,baŋ2
函,Hàm,ha:m2
刮,Quát,kwa:t7
到,Đáo,da:w5
刱,Sáng,ʂa:ŋ5
刲,Khuê,xwe1
刳,Khô,ko1
刴,Đóa,dwa:5
刵,Nhĩ,ɲi4
制,Chế,tʂe5
刷,Loát,lwa:t7
券,Khoán,xwa:n5
刺,Thứ,t'ɯ5
刺,Thích,t'iʧ7
刻,Khắc,xak7
効,Hiệu,hiew6
劻,Khuông,xuoŋ1
劼,Cật,kɤt8
劾,Hặc,hak8
势,Thế,t'e5
匊,Cúc,kuk7
卑,Ti,ti1
卒,Tốt,tot7
卓,Trác,tʂa:k7
協,Hiệp,hiep8
卦,Quái,kwa:j5
卷,Quyển,kwien3
卹,Tuất,twɤt7
卺,Cẩn,kɤn3
厓,Nhai,ɲa:j1
叔,Thúc,t'uk7
叕,Chuyết,tʂwiet7
取,Thủ,t'u3
呝,Ách,a:ʧ7
呢,Ni,ni1
呦,U,u1
周,Chu,tʂu1
呪,Chú,tʂu5
呫,Chiếp,tʂiep7
呱,Oa,wa:1
味,Vị,vi6
呴,Ha,ha:1
呵,A,a:1
呶,Nao,na:w1
呷,Hạp,ha:p8
呸,Phi,fi1
呻,Thân,t'ɤn1
呼,Hô,ho1
命,Mệnh,meɲ6
呿,Khư,xɯ1
咀,Trớ,tʂɤ:5
咀,Tứ,tɯ5
咄,Đốt,dot7
咄,Đoát,dwa:t7
咆,Bào,ba:w2
咈,Phất,fɤt7
咋,Trách,tʂa:ʧ7
和,Hòa,hwa:2
和,Họa,hwa:6
咍,Hai,ha:j1
咎,Cữu,kɯw4
咏,Vịnh,viɲ6
囷,Khuân,xwɤn1
囹,Linh,liɲ1
固,Cố,ko5
坡,Pha,fa:1
坤,Khôn,xon1
坦,Thản,t'a:n3
坩,Kham,xa:m1
坪,Bình,biɲ2
坫,Điếm,diem5
坯,Bôi,boj1
坰,Quynh,kwiɲ1
坳,Ao,a:w1
坷,Khả,xa:3
坺,Bạt,ba:t8
坻,Trì,tʂi2
坻,Để,de3
坼,Sách,ʂa:ʧ7
坿,Phụ,fu6
垂,Thùy,t'wi2
夌,Lăng,laŋ1
夜,Dạ,za:6
奄,Yểm,iem3
奇,Kì,ki2
奈,Nại,na:j6
奉,Bổng,boŋ3
奔,Bôn,bon1
妬,Đố,do5
妯,Trục,tʂuk8
妯,Trừu,tʂɯw2
妲,Đát,da:t7
妸,A,a:1
妹,Muội,muoj6
妻,Thê,t'e1
妾,Thiếp,t'iep7
姁,Hủ,hu3
姆,Mỗ,mo4
始,Thủy,t'wi3
姍,San,ʂa:n1
姐,Tả,ta:3
姑,Cô,ko1
姓,Tính,tiɲ5
委,Ủy,wi3
孟,Mạnh,ma:ɲ6
季,Quý,kwi5
孤,Cô,ko1
孥,Nô,no1
宓,Mật,mɤt8
宕,Đãng,da:ŋ4
宗,Tông,toŋ1
官,Quan,kwa:n1
宙,Trụ,tʂu6
定,Định,diɲ6
宛,Uyển,wien3
宜,Nghi,ŋi1
尚,Thượng,t'ɯɤŋ6
居,Cư,kɯ1
屆,Giới,ʑɤ:j5
屈,Khuất,xwɤt7
届,Giới,ʑɤ:j5
岡,Cương,kɯɤŋ1
岢,Khả,xa:3
岣,Cẩu,kɤw3
岧,Thiều,t'iew2
岫,Tụ,tu6
岱,Đại,da:j6
岳,Nhạc,ɲa:k8
岵,Hỗ,ho4
岷,Dân,zɤn1
岸,Ngạn,ŋa:n6
巫,Vu,vu1
帑,Thảng,t'a:ŋ3
帓,Mạt,ma:t8
帔,Bí,bi5
帕,Phách,fa:ʧ7
帖,Thiếp,t'iep7
帙,Trật,tʂɤt8
帚,Chửu,tʂɯw3
帛,Bạch,ba:ʧ8
幷,Tinh,tiɲ1
幷,Bình,biɲ2
幸,Hạnh,ha:ɲ6
底,Để,de3
庖,Bào,ba:w2
店,Điếm,diem5
庚,Canh,ka:ɲ1
府,Phủ,fu3
建,Kiến,kien5
弆,Khí,xi5
弢,Thao,t'a:w1
弤,Để,de3
弦,Huyền,hwien2
弧,Hồ,ho2
弩,Nỗ,no4
彔,Lục,luk8
彼,Bỉ,bi3
彿,Phất,fɤt7
往,Vãng,va:ŋ4
征,Chinh,tʂiɲ1
徂,Tồ,to2
忝,Thiểm,t'iem3
忠,Trung,tʂuŋ1
忩,Thông,t'oŋ1
念,Niệm,niem6
忽,Hốt,hot7
忿,Phẫn,fɤn4
怍,Tạc,ta:k8
怏,Ưởng,ɯɤŋ3
怔,Chinh,tʂiɲ1
怕,Phạ,fa:6
怖,Bố,bo5
怙,Hỗ,ho4
怛,Đát,da:t7
怡,Di,zi1
怦,Phanh,fa:ɲ1
性,Tính,tiɲ5
怩,Ni,ni1
怪,Quái,kwa:j5
怫,Phí,fi5
怫,Phật,fɤt8
怯,Khiếp,xiep7
怳,Hoảng,hwan:ŋ3
怵,Truật,tʂwɤt8
戔,Tàn,ta:n2
戕,Tường,tɯɤŋ2
或,Hoặc,hwak8
戽,Hố,ho5
戾,Lệ,le6
戾,Liệt,liet8
房,Phòng,fɔŋ2
所,Sở,ʂɤ:3
承,Thừa,t'ɯɤ2
抨,Phanh,fa:ɲ1
披,Phi,fi1
抱,Bão,ba:w4
抵,Để,de3
抶,Sất,ʂɤt5
抹,Mạt,ma:t8
押,Áp,a:p7
抽,Trừu,tʂɯw2
拂,Phất,fɤt7
拄,Trụ,tʂu6
拇,Mẫu,mɤw4
拈,Niêm,niem1
拉,Lạp,la:p8
拊,Phụ,fu6
拌,Bạn,ba:n6
拍,Phách,fa:ʧ7
拎,Linh,liɲ1
拏,Noa,nwa:1
拐,Quải,kwa:j3
拑,Kiềm,kiem2
拓,Thác,t'a:k7
拔,Bạt,ba:t8
拕,Tha,t'a:1
拖,Tha,t'a:1
拗,Áo,a:w5
拘,Câu,kɤw1
拙,Chuyết,tʂwiet7
拚,Biện,bien6
招,Chiêu,tʂiew1
放,Phỏng,fɔŋ3
放,Phóng,fɔŋ5
斧,Phủ,fu3
斨,Thương,t'ɯɤŋ1
於,Ư,ɯ1
於,Ô,o1
旹,Thì,t'i2
旺,Vượng,vɯɤŋ6
旻,Mân,mɤn1
昂,Ngang,ŋa:ŋ1
昃,Trắc,tʂak7
昆,Côn,kon1
昇,Thăng,t'aŋ1
昉,Phưởng,fɯɤŋ3
昊,Hạo,ha:w6
昌,Xương,sɯɤŋ1
明,Minh,miɲ1
昏,Hôn,hon1
易,Dị,zi6
易,Dịch,ziʧ8
昔,Tích,tiʧ7
昕,Hân,hɤn1
朋,Bằng,baŋ2
服,Phục,fuk8
杪,Diểu,ziew3
杭,Hàng,ha:ŋ2
杯,Bôi,boj1
杰,Kiệt,kiet8
東,Đông,doŋ1
杲,Cảo,ka:w3
杳,Yểu,iew3
杵,Xử,sɯ3
杶,Suân,ʂwɤn1
杷,Bà,ba:2
杻,Nữu,nɯw4
杼,Trữ,tʂɯ4
松,Tùng,tuŋ2
板,Bản,ba:n3
枅,Phanh,fa:ɲ1
枇,Tì,ti2
枉,Uổng,uoŋ3
枋,Phương,fɯɤŋ1
枌,Phần,fɤn2
析,Tích,tiʧ7
枑,Hộ,ho6
枕,Chẩm,tʂɤm3
林,Lâm,lɤm1
枘,Nhuế,ɲwe5
枚,Mai,ma:j1
果,Quả,qwa:3
枝,Chi,tʂi1
枝,Kì,ki2
柜,Cự,kɯ6
欣,Hân,hɤn1
武,Vũ,vu4
歧,Kì,ki2
歿,Một,mot8
殀,Yểu,iew3
氓,Manh,ma:ɲ1
氛,Phân,fɤn1
沓,Đạp,da:p8
沫,Mạt,ma:t8
沬,Muội,muoj6
沭,Thuật,t'wɤt8
沮,Thư,t'ɯ1
沮,Trở,tʂɤ:3
沮,Tự,tɯ6
沱,Đà,da:2
河,Hà,ha:2
沴,Lệ,le6
沸,Phí,fi5
油,Du,zu1
治,Trị,tʂi6
沼,Chiểu,tʂiew3
沽,Cô,ko1
沾,Triêm,tʂiem1
沿,Duyên,zwien1
況,Huống,huoŋ5
泂,Huýnh,hwiɲ5
泄,Tiết,tiet7
泄,Duệ,zwe6
泅,Tù,tu2
泆,Dật,zɤt8
泊,Bạc,ba:k8
泌,Bí,bi5
泑,Ửu,ɯw3
泒,Cô,ko1
泓,Hoằng,hwaŋ2
泔,Cam,ka:m1
法,Pháp,fa:p7
泖,Mão,ma:w4
泗,Tứ,tɯ5
泝,Tố,to5
泠,Linh,liɲ1
泡,Phao,fa:w1
泡,Bào,ba:w2
波,Ba,ba:1
泣,Khấp,xɤp7
泥,Nê,ne1
注,Chú,tʂu5
泫,Huyễn,hwien4
泮,Phán,fa:n5
泯,Dân,zɤn1
泯,Mẫn,mɤn4
泱,Ương,ɯɤŋ1
泳,Vịnh,viɲ6
炁,Khí,xi5
炊,Xuy,swi1
炎,Viêm,viem1
炒,Sao,ʂa:w1
炕,Kháng,xa:ŋ5
炙,Chích,tʂiʧ7
炙,Chá,tʂa:5
炬,Cự,kɯ6
爬,Ba,ba:1
爭,Tranh,tʂa:ɲ1
爸,Ba,ba:1
牀,Sàng,ʂa:ŋ2
版,Bản,ba:n3
牧,Mục,muk8
物,Vật,vɤt8
狀,Trạng,tʂa:ŋ6
狌,Tinh,tiɲ1
狎,Hiệp,hiep8
狐,Hồ,ho2
狒,Phí,fi5
狓,Phi,fi1
狖,Dứu,zɯw5
狗,Cẩu,kɤw3
狙,Thư,t'ɯ1
狚,Đán,da:n5
玞,Phu,fu1
玦,Quyết,kwiet7
玨,Giác,ʑa:k7
玩,Ngoạn,ŋwa:n6
玫,Mân,mɤn1
瓬,Phưởng,fɯɤŋ3
瓮,Úng,uŋ5
畀,Tí,ti5
畂,Điền,dien2
疘,Giang,ʑa:ŋ1
疙,Ngật,ŋɤt8
疚,Cứu,kɯw5
疝,Sán,ʂa:n5
的,Đích,diʧ7
盂,Vu,vu1
盱,Hu,hu1
盲,Manh,ma:ɲ1
直,Trực,tʂɯk8
知,Tri,tʂi1
矻,Ngột,ŋot8
矼,Cang,ka:ŋ1
祇,Kì,ki2
祇,Chi,tʂi1
祈,Kì,ki2
祉,Chỉ,tʂi3
祊,Banh,ba:ɲ1
秆,Cán,ka:n5
秈,Tiên,tien1
秉,Bỉnh,biɲ3
秊,Niên,nien1
穸,Tịch,tiʧ8
穹,Khung,xuŋ1
空,Không,koŋ1
空,Khống,koŋ5
竺,Trúc,tʂuk7
竺,Đốc,dok7
糾,Củ,ku3
罔,Võng,vɔŋ4
者,Giả,ʑa:3
耶,Da,za:1
股,Cổ,ko3
肢,Chi,tʂi1
肥,Phì,fi2
肧,Phôi,foj1
肩,Kiên,kien1
肪,Phương,fɯɤŋ1
肫,Truân,tʂwɤn1
肬,Vưu,vɯw1
肭,Nạp,na:p8
肯,Khẳng,xaŋ3
肱,Quăng,kwaŋ1
育,Dục,zuk8
肴,Hào,ha:w2
肸,Hật,hɤt8
肺,Phế,fe5
胏,Chỉ,tʂi3
臥,Ngọa,ŋwa:6
臾,Du,zu1
舍,Xả,sa:3
舍,Xá,sa:5
舠,Đao,da:w1
苑,Uyển,wien3
苒,Nhiễm,ɲiem4
苓,Linh,liɲ1
苔,Đài,da:j2
苕,Thiều,t'iew2
苖,Địch,diʧ8
苗,Miêu,miew1
苙,Lập,lɤp8
苛,Hà,ha:2
苜,Mục,muk8
苞,Bao,ba:w1
苟,Cẩu,kɤw3
苢,Dĩ,zi4
若,Nhã,ɲa:4
若,Nhược,ɲɯɤk8
苦,Khổ,ko3
苧,Trữ,tʂɯ4
苫,Thiêm,t'iem1
苯,Bổn,bon3
英,Anh,a:ɲ1
苴,Tư,tɯ1
苶,Niết,niet7
苹,Bình,biɲ2
苺,Môi,moj1
苻,Phù,fu2
苽,Cô,ko1
苾,Bật,bɤt8
茀,Phất,fɤt7
茁,Truất,tʂwɤt7
茂,Mậu,mɤw6
范,Phạm,fa:m6
茄,Gia,ʑa:1
茅,Mao,ma:w1
茆,Lữu,lɯw4
茇,Bạt,ba:t8
虎,Hổ,ho3
虯,Cầu,kɤw2
表,Biểu,biew3
衩,Xái,sa:j5
衫,Sam,ʂa:m1
軋,Yết,iet7
迢,Điều,diew2
迥,Huýnh,hwiɲ5
迦,Ca,ka:1
迦,Già,ʑa:2
迨,Đãi,da:j4
迪,Địch,diʧ8
迫,Bách,ba:ʧ7
迭,Điệt,diet8
述,Thuật,t'wɤt8
邾,Chu,tʂu1
郁,Úc,uk7
郃,Cáp,ka:p7
郅,Chất,tʂɤt7
郇,Tuân,twɤn1
郈,Hậu,hɤw6
郉,Hình,hiɲ2
郊,Giao,ʑa:w1
郎,Lang,la:ŋ1
采,Thải,t'a:j3
金,Kim,kim1
長,Trường,tʂɯɤŋ2
長,Trưởng,tʂɯɤŋ3
門,Môn,mon1
阜,Phụ,fu6
陋,Lậu,lɤw6
陌,Mạch,ma:ʧ8
降,Giáng,ʑa:ŋ5
降,Hàng,ha:ŋ2
限,Hạn,ha:n6
陔,Cai,ka:j1
陕,Thiểm,t'iem3
隶,Đãi,da:j4
隹,Chuy,tʂwi1
雨,Vũ,vu4
雨,Vú,vu5
青,Thanh,t'a:ɲ1
非,Phi,fi1
亭,Đình,diɲ2
亮,Lượng,lɯɤŋ6
亯,Hanh,ha:ɲ1
侮,Vũ,vu4
侯,Hầu,hɤw2
侵,Xâm,sɤm1
侶,Lữ,lɯ4
侷,Cục,kuk8
便,Tiện,tien6
係,Hệ,he6
促,Thúc,t'uk7
俄,Nga,ŋa:1
俊,Tuấn,twɤn5
俎,Trở,tʂɤ:3
俏,Tiếu,tiew5
俑,Dũng,zuŋ4
俗,Tục,tuk8
俘,Phu,fu1
俚,Lí,li5
俛,Miễn,mien4
俜,Binh,biɲ1
保,Bảo,ba:w3
俞,Du,zu1
俟,Sĩ,ʂi4
俠,Hiệp,hiep8
信,Tín,tin5
修,Tu,tu1
兗,Duyện,zwien6
兹,Tư,tɯ1
冑,Trụ,tʂu6
冒,Mạo,ma:w6
冒,Mặc,mak8
冠,Quan,kwa:n1
冠,Quán,kwa:n5
剃,Thế,t'e5
剄,Hĩnh,hiɲ4
則,Tắc,tak7
剉,Tỏa,twa:3
削,Tước,tɯɤk7
剋,Khắc,xak7
剌,Lạt,la:t8
前,Tiền,tien2
剎,Sát,ʂa:t7
勁,Kính,kiɲ5
勃,Bột,bot8
勅,Sắc,ʂak7
勇,Dũng,zuŋ4
勉,Miễn,mien4
匍,Bồ,bo2
南,Nam,na:m1
卸,Tá,ta:5
卻,Khước,xɯɤk7
卼,Ngột,ŋot8
卽,Tức,tɯk7
厖,Mang,ma:ŋ1
厙,Xá,sa:5
厚,Hậu,hɤw6
受,Thụ,t'u6
叚,Giả,ʑa:3
叛,Bạn,ba:n6
呰,Tử,tɯ3
咤,Trá,tʂa5
咥,Điệt,diet8
咥,Hí,hi1
咦,Di,zi1
咨,Tư,tɯ1
咫,Chỉ,tʂi3
咬,Giảo,ʑa:w3
咯,Khách,xa:ʧ7
咳,Khái,xa:j5
咷,Đào,da:w2
咸,Hàm,ha:m2
咻,Hưu,hɯw1
咻,Hủ,hu3
咽,Yết,iet7
咿,Y,i1
哀,Ai,a:j1
品,Phẩm,fɤm3
哂,Sẩn,ʂɤn3
哄,Hống,hoŋ5
哆,Sỉ,ʂi3
哆,Đá,da:5
哇,Oa,wa:1
哈,Cáp,ka:p7
哉,Tai,ta:j1
囿,Hữu,hɯw4
型,Hình,hiɲ2
垓,Cai,ka:j1
垛,Đóa,dwa:5
垠,Ngân,ŋɤn1
垢,Cấu,kɤw5
垣,Viên,vien1
垤,Điệt,diet8
城,Thành,t'a:ɲ2
埏,Duyên,zwien1
奎,Khuê,xwe1
奏,Tấu,tɤw5
奐,Hoán,hwa:n5
契,Khế,xe5
契,Khất,xɤt7
契,Khiết,xiep7
奕,Dịch,ziʧ8
姘,Phanh,fa:ɲ1
姚,Diêu,ziew1
姜,Khương,xɯɤŋ1
姝,Xu,su1
姞,Cật,kɤt8
姣,Giảo,ʑa:w3
姤,Cấu,kɤw5
姥,Mỗ,mo4
姥,Lão,la:w4
姦,Gian,ʑa:n1
姨,Di,zi1
姪,Điệt,diet8
姱,Khoa,xwa:1
姹,Xá,sa:5
姻,Nhân,ɲɤn1
姿,Tư,tɯ1
娀,Tung,tuŋ1
威,Uy,wi1
娃,Oa,wa:1
娜,Na,na:1
孩,Hài,ha:j2
客,Khách,xa:ʧ7
宣,Tuyên,twien1
室,Thất,t'ɤt7
宥,Hựu,hɯw6
宦,Hoạn,hwa:n6
封,Phong,fɔŋ1
屋,Ốc,ok7
屍,Thi,t'i1
屎,Thỉ,t'i3
屏,Bình,biɲ2
峋,Tuân,twɤn1
峒,Đồng,doŋ2
峒,Động,doŋ6
峙,Trĩ,tʂi4
峛,Lệ,le6
差,Si,ʂi1
差,Sai,ʂa:j1
差,Sai,ʂa:j1
差,Sái,ʂa:j5
巷,Hạng,ha:ŋ6
巹,Cẩn,kɤn3
帝,Đế,de5
帢,Kháp,xa:p7
帥,Soái,ʂwa:j5
帥,Suất,ʂwɤt7
幽,U,u1
庠,Tường,tɯɤŋ2
庥,Hưu,hɯw1
度,Độ,do6
度,Đạc,da:k8
庭,Đình,diɲ2
弇,Yểm,iem3
弈,Dịch,ziʧ8
弭,Nhị,ɲi6
彖,Thoán,t'wa:n5
彥,Ngạn,ŋa:n6
彧,Úc,uk7
彪,Bưu,bɯw1
待,Đãi,da:j4
徇,Tuẫn,twɤn4
很,Ngận,ŋɤn6
徉,Dương,zɯɤŋ1
徊,Hồi,hoj2
律,Luật,lwɤt8
後,Hậu,hɤw6
怒,Nộ,no6
思,Tư,tɯ1
怠,Đãi,da:j4
急,Cấp,kɤp7
怨,Oán,wa:n5
怱,Thông,t'oŋ1
恂,Tuân,twɤn1
恃,Thị,t'i6
恆,Hằng,haŋ2
恇,Khuông,xuoŋ1
恉,Chỉ,tʂi3
恍,Hoảng,hwan:ŋ3
恒,Hằng,haŋ2
恔,Hiệu,hiew6
恟,Hung,huŋ1
恠,Quái,kwa:j5
恢,Khôi,xoj1
恤,Tuất,twɤt7
恨,Hận,hɤn6
恪,Khác,xa:k7
恫,Đỗng,doŋ4
恬,Điềm,diem2
恰,Kháp,xa:p7
扁,Biển,bien3
扃,Quynh,kwiɲ1
拜,Bái,ba:j5
括,Quát,kwa:t7
拭,Thức,t'ɯk7
拮,Kiết,kiet7
拯,Chửng,tʂɯŋ3
拱,Củng,kuŋ3
拴,Thuyên,t'wien1
拶,Tạt,ta:t8
拼,Bính,biɲ5
拾,Thập,t'ɤp8
持,Trì,tʂi2
挂,Quải,kwa:j3
挅,Đỏa,dwa:3
指,Chỉ,tʂi3
按,Án,a:n5
挑,Khiêu,xiew1
挑,Thiểu,t'iew3
挪,Na,na:1
挺,Đĩnh,diɲ4
政,Chính,tʂiɲ5
敁,Điêm,diem1
敂,Khấu,xɤw5
故,Cố,ko5
斫,Chước,tʂɯɤk7
施,Thi,t'i1
施,Dị,zi6
施,Thí,t'i5
斿,Du,zu1
既,Kí,ki5
昚,Thận,t'ɤn6
昜,Dương,zɯɤŋ1
星,Tinh,tiɲ1
映,Ánh,a:ɲ5
春,Xuân,swɤn1
昧,Muội,muoj6
昨,Tạc,ta:k8
昫,Hú,hu5
昭,Chiêu,tʂiew1
是,Thị,t'i6
昱,Dục,zuk8
昳,Điệt,diet8
昴,Mão,ma:w4
昵,Nật,nɤt8
昶,Sưởng,ʂɯɤŋ3
曷,Hạt,ha:t8
枯,Khô,ko1
枰,Bình,biɲ2
枰,Bính,biɲ5
枲,Tỉ,ti3
枳,Chỉ,tʂi3
枴,Quải,kwa:j3
枵,Hiêu,hiew1
架,Giá,ʑa:5
枷,Gia,ʑa:1
枸,Cẩu,kɤw3
枹,Phu,fu1
枹,Bao,ba:w1
枹,Phù,fu2
枻,Duệ,zwe6
枼,Diệp,ziep8
柁,Đả,da:3
柄,Bính,biɲ5
柈,Bàn,ba:n2
柎,Phu,fu1
柏,Bách,ba:ʧ7
某,Mỗ,mo4
柑,Cam,ka:m1
柒,Thất,t'ɤt7
染,Nhiễm,ɲiem4
柔,Nhu,ɲu1
柘,Chá,tʂa:5
柙,Hiệp,hiep8
柚,Trục,tʂuk8
柚,Dữu,zɯw4
柝,Thác,t'a:k7
柞,Tạc,ta:k8
柟,Nam,na:m1
柠,Nịnh,niɲ6
柢,Để,de3
柢,Đế,de5
查,Tra,tʂa1
查,Tra,tʂa1
柩,Cữu,kɯw4
柬,Giản,ʑa:n3
柮,Đốt,dot7
柯,Kha,xa:1
柰,Nại,na:j6
柱,Trụ,tʂu6
柳,Liễu,liew4
柵,Sách,ʂa:ʧ7
柷,Chúc,tʂuk7
柿,Thị,t'i6
歪,Oai,wa:1
殂,Tồ,to2
殃,Ương,ɯɤŋ1
殄,Điễn,dien4
殆,Đãi,da:j4
段,Đoạn,dwa:n6
毒,Độc,dok8
毖,Bí,bi5
毗,Tì,ti2
毡,Chiên,tʂien1
泉,Tuyền,twien2
泚,Thử,t'ɯ3
洄,Hồi,hoj2
洊,Tiến,tien5
洋,Dương,zɯɤŋ1
洌,Liệt,liet8
洎,Kịp,kip8
洑,Phục,fuk8
洒,Sái,ʂa:j5
洗,Tẩy,tɤj3
洗,Tiển,tien3
洙,Thù,t'u2
洚,Giáng,ʑa:ŋ5
洛,Lạc,la:k8
洞,Động,doŋ6
洟,Di,zi1
洟,Thế,t'e5
津,Tân,tɤn1
洧,Vị,vi6
洨,Hào,ha:w2
洩,Duệ,zwe6
洪,Hồng,hoŋ2
洫,Hức,hɯk7
洮,Thao,t'a:w1
洱,Nhị,ɲi6
洲,Châu,tʂɤw1
洳,Như,ɲɯ1
洴,Bình,biɲ2
洵,Tuân,twɤn1
洶,Hung,huŋ1
洸,Quang,kwa:ŋ1
洹,Hoàn,hwa:n2
活,Hoạt,hwa:t8
洽,Hiệp,hiep8
派,Phái,fa:j5
洿,Ô,o1
涎,Duyên,zwien1
涎,Diện,zien6
炤,Chiếu,tʂiew5
炫,Huyễn,hwien4
炭,Thán,t'a:n5
炮,Bào,ba:w2
炮,Pháo,fa:w5
炯,Quýnh,kwiɲ5
炰,Bào,ba:w2
炱,Đài,da:j2
炳,Bỉnh,biɲ3
炷,Chú,tʂu5
爰,Viên,vien1
爼,Trở,tʂɤ:3
牁,Ca,ka:1
牯,Cổ,ko3
牲,Sinh,ʂiɲ1
牴,Để,de3
牵,Khiên,xien1
狡,Giảo,ʑa:w3
狨,Nhung,ɲuŋ1
狩,Thú,t'u5
玅,Diệu,ziew6
玲,Linh,liɲ1
玳,Đại,da:j6
玷,Điếm,diem5
玻,Pha,fa:1
珀,Phách,fa:ʧ7
珂,Kha,xa:1
珈,Già,ʑa:2
珉,Mân,mɤn1
珊,San,ʂa:n1
珍,Trân,tʂɤn1
瓴,Linh,liɲ1
甚,Thậm,t'ɤm6
畋,Điền,dien2
界,Giới,ʑɤ:j5
畎,Quyến,kwien5
畏,Úy,wi5
疢,Sấn,ʂɤn5
疣,Vưu,vɯw1
疤,Ba,ba:1
疥,Giới,ʑɤ:j5
疫,Dịch,ziʧ8
癸,Quý,kwi5
皆,Giai,ʑa:j1
皇,Hoàng,hwan:ŋ2
盃,Bôi,boj1
盅,Chung,tʂuŋ1
盆,Bồn,bon2
盈,Doanh,zwa:ɲ1
相,Tương,tɯɤŋ1
相,Tướng,tɯɤŋ5
盹,Truân,tʂwɤn1
盻,Hễ,he4
盼,Phán,fa:n5
盾,Thuẫn,t'wɤn4
省,Tỉnh,tiɲ3
省,Tỉnh,tiɲ3
眄,Miện,mien6
眇,Miễu,miew4
眈,Đam,da:m1
眉,Mi,mi1
眊,Mạo,ma:w6
看,Khán,xa:n5
看,Khan,xa:n1
眨,Trát,tʂa:t7
矜,Căng,kaŋ1
矦,Hầu,hɤw2
矧,Thẩn,t'ɤn3
矩,Củ,ku3
砂,Sa,ʂa:1
砉,Hoạch,hwa:ʧ8
砌,Thế,t'e5
砑,Nhạ,ɲa:6
砒,Tì,ti2
研,Nghiên,ŋien1
砭,Biêm,biem1
祐,Hữu,hɯw4
祓,Phất,fɤt7
祔,Phụ,fu6
祕,Bí,bi5
祖,Tổ,to3
祗,Chi,tʂi1
祚,Tộ,to6
祛,Khư,xɯ1
祜,Hỗ,ho4
祝,Chú,tʂu5
祝,Chúc,tʂuk7
神,Thần,t'ɤn2
祠,Từ,tɯ2
祢,Nỉ,ni3
禹,Vũ,vu4
禺,Ngu,ŋu1
秋,Thu,t'u1
科,Khoa,xwa:1
秒,Miểu,miew3
秔,Canh,ka:ɲ1
秕,Bỉ,bi3
秬,Cự,kɯ6
秭,Tỉ,ti3
穽,Tỉnh,tiɲ3
穿,Xuyên,swien1
窀,Truân,tʂwɤn1
突,Đột,dot8
窆,Biếm,biem5
竽,Vu,vu1
竿,Can,ka:n1
笈,Cấp,kɤp7
紀,Kỉ,ki3
紂,Trụ,tʂu6
紃,Xuyên,swien1
約,Ước,ɯɤk7
紅,Hồng,hoŋ2
紆,Hu,hu1
紇,Hột,hot8
紈,Hoàn,hwa:n2
紉,Nhân,ɲɤn1
級,Cấp,kɤp7
缸,Cang,ka:ŋ1
罘,Phù,fu2
美,Mĩ,mi4
羑,Dũ,zu4
羾,Hồng,hoŋ2
羿,Nghệ,ŋe6
耇,Cẩu,kɤw3
耎,Nhuyễn,ɲwien4
耐,Nại,na:j6
耔,Tỉ,ti3
胃,Vị,vi6
胄,Trụ,tʂu6
背,Bội,boj6
背,Bối,boj5
胎,Thai,t'a:j1
胖,Bàn,ba:n2
胙,Tộ,to6
胚,Phôi,foj1
胛,Giáp,ʑa:p7
胝,Chi,tʂi1
胞,Bào,ba:w2
胠,Khư,xɯ1
胡,Hồ,ho2
胤,Dận,zɤn6
胥,Tư,tɯ1
臿,Tráp,tʂa:p7
舁,Dư,zɯ1
舡,Hang,ha:ŋ1
茈,Sài,ʂa:j2
茗,Mính,miɲ5
茜,Thiến,t'ien5
茨,Tì,ti2
茫,Mang,ma:ŋ1
茭,Giao,ʑa:w1
茯,Phục,fuk8
茱,Thù,t'u2
茲,Tư,tɯ1
茴,Hồi,hoj2
茵,Nhân,ɲɤn1
茶,Trà,tʂa2
茸,Nhung,ɲuŋ1
茹,Như,ɲɯ1
茹,Nhự,ɲɯ6
茺,Sung,ʂuŋ1
荀,Tuần,twɤn2
荃,Thuyên,t'wien1
荄,Cai,ka:j1
荅,Đáp,da:p7
荇,Hạnh,ha:ɲ6
荈,Suyễn,ʂwien4
草,Thảo,t'a:w3
荊,Kinh,kiɲ1
荏,Nhẫm,ɲɤm4
荐,Tiến,tien5
荑,Di,zi1
荑,Đề,de2
荒,Hoang,hwan:ŋ1
荔,Lệ,le6
莒,Cử,kɯ3
莛,Đình,diɲ2
虐,Ngược,ŋɯɤk8
虹,Hồng,hoŋ2
虺,Hôi,hoj1
虺,Hủy,hwi3
蚤,Tảo,ta:w3
衁,Hoang,hwan:ŋ1
衍,Diễn,zien4
衎,Khản,xa:n3
衭,Phu,fu1
衲,Nạp,na:p8
衵,Nật,nɤt8
衽,Nhẫm,ɲɤm4
衿,Câm,kɤm1
袂,Mệ,me6
袂,Duệ,zwe6
袄,Áo,a:w5
要,Yêu,iew1
要,Yếu,iew5
訂,Đính,diɲ5
訃,Phó,fɔ5
訇,Hoanh,hwa:ɲ1
計,Kế,ke5
貞,Trinh,tʂiɲ1
負,Phụ,fu6
赳,Củ,ku3
赴,Phó,fɔ5
軌,Quỹ,kwi4
軍,Quân,kwɤn1
迷,Mê,me1
迸,Bính,biɲ5
迹,Tích,tiʧ7
迺,Nãi,na:j4
迻,Di,zi1
追,Truy,tʂwi1
退,Thoái,t'wa:j5
送,Tống,toŋ5
适,Quát,kwa:t7
逃,Đào,da:w2
逄,Bàng,ba:ŋ2
逅,Cấu,kɤw5
逆,Nghịch,ŋiʧ8
郛,Phu,fu1
郜,Cáo,ka:w5
郝,Hác,ha:k7
郟,Giáp,ʑa:p7
郡,Quận,kwɤn6
郢,Dĩnh,ziɲ4
郤,Khích,xiʧ7
酊,Đính,diɲ5
酋,Tù,tu2
重,Trùng,tʂuŋ2
重,Trọng,tʂɔŋ6
閂,Soan,ʂwa:n1
陛,Bệ,be6
陜,Thiểm,t'iem3
陝,Thiểm,t'iem3
陞,Thăng,t'aŋ1
陟,Trắc,tʂak7
陡,Đẩu,dɤw3
院,Viện,vien6
陣,Trận,tʂɤn6
除,Trừ,tʂɯ2
面,Diện,zien6
革,Cách,ka:ʧ7
韋,Vi,vi1
韭,Cửu,kɯw3
音,Âm,ɤm1
頁,Hiệt,hiet8
風,Phong,fɔŋ1
飛,Phi,fi1
食,Thực,t'ɯk8
首,Thủ,t'u3
首,Thú,t'u5
香,Hương,hɯɤŋ1
骨,Cốt,kot7
鬼,Quỷ,kwi3
鳧,Phù,fu2
乘,Thừa,t'ɯɤ2
乘,Thặng,t'aŋ6
亳,Bạc,ba:k8
俯,Phủ,fu3
俱,Câu,kɤw1
俳,Bài,ba:j2
俵,Biểu,biew3
俶,Thục,t'uk8
俸,Bổng,boŋ3
俺,Yêm,iem1
俾,Tỉ,ti3
倀,Trành,tʂa:ɲ2
倅,Thối,t'oj5
倅,Tốt,tot7
倈,Lai,la:j1
倉,Thương,t'ɯɤŋ1
個,Cá,ka:5
倌,Quan,kwa:n1
倍,Bội,boj6
倏,Thúc,t'uk7
倒,Đảo,da:w3
倒,Đảo,da:w3
倔,Quật,kwɤt8
倖,Hãnh,ha:ɲ4
候,Hậu,hɤw6
倚,Ỷ,i3
倜,Thích,t'iʧ7
借,Tá,ta:5
倡,Xướng,sɯɤŋ5
倢,Tiệp,tiep8
倣,Phỏng,fɔŋ3
倥,Không,koŋ1
倦,Quyện,kwien6
倨,Cứ,kɯ5
倩,Thiến,t'ien5
倪,Nghê,ŋe1
倫,Luân,lwɤn1
倬,Trác,tʂa:k7
倭,Oa,wa:1
值,Trị,tʂi6
健,Kiện,kien6
兼,Kiêm,kiem1
冓,Cấu,kɤw5
冔,Hu,hu1
冢,Trủng,tʂuŋ3
冤,Oan,wa:n1
冥,Minh,miɲ1
凄,Thê,t'e1
准,Chuẩn,tʂwɤn3
凇,Tùng,tuŋ2
凉,Lương,lɯɤŋ1
凊,Sảnh,ʂa:ɲ3
凋,Điêu,diew1
凌,Lăng,laŋ1
凍,Đống,doŋ5
剔,Dịch,ziʧ8
剕,Phí,fi5
剖,Phẫu,fɤw4
剗,Sản,ʂa:n3
剚,Chí,tʂi5
剛,Cương,kɯɤŋ1
剜,Oan,wa:n1
剝,Bác,ba:k7
剞,Ỷ,i3
剟,Xuyết,swiet7
剡,Diệm,ziem6
剮,Quả,qwa:3
勑,Lai,la:j1
務,Vụ,vu6
匪,Phỉ,fi3
匿,Nặc,nak8
卿,Khanh,xa:ɲ1
厝,Thố,t'o5
原,Nguyên,ŋwien1
叟,Tẩu,tɤw3
員,Viên,vien1
哢,Lộng,loŋ6
哥,Ca,ka:1
哦,Nga,ŋa:1
哨,Tiêu,tiew1
哨,Tiếu,tiew5
哭,Khốc,xok7
哮,Hao,ha:w1
哲,Triết,tʂiet7
哳,Triết,tʂiet7
哺,Bộ,bo6
哽,Ngạnh,ŋa:ɲ6
哿,Khả,xa:3
唁,Nghiễn,ŋien4
唄,Bái,ba:j5
唅,Hám,ha:m5
唆,Toa,twa:1
唇,Thần,t'ɤn2
唈,Ấp,ɤp7
唉,Ai,a:j1
唏,Hí,hi1
唐,Đường,dɯɤŋ2
唧,Tức,tɯk7
圃,Phố,fo5
圄,Ngữ,ŋɯ4
圅,Hàm,ha:m2
垻,Bá,ba:5
埂,Canh,ka:ɲ1
埃,Ai,a:j1
埋,Mai,ma:j1
埒,Liệt,liet8
夏,Hạ,ha:6
套,Sáo,ʂa:w5
奘,Trang,tʂa:ŋ1
奚,Hề,he2
姬,Cơ,kɤ:1
娉,Phinh,fiɲ1
娌,Lí,li5
娑,Sa,ʂa:1
娓,Vỉ,vi3
娘,Nương,nɯɤŋ1
娛,Ngu,ŋu1
娟,Quyên,kwien1
娠,Thần,t'ɤn2
娥,Nga,ŋa:1
娩,Vãn,va:n4
娩,Miễn,mien4
孫,Tôn,ton1
宮,Cung,kuŋ1
宰,Tể,te3
害,Hại,ha:j6
宴,Yến,ien5
宵,Tiêu,tiew1
家,Gia,ʑa:1
宸,Thần,t'ɤn2
容,Dung,zuŋ1
射,Dạ,za:6
射,Xạ,sa:6
射,Dịch,ziʧ8
將,Tương,tɯɤŋ1
將,Tướng,tɯɤŋ5
屐,Kịch,kiʧ8
屑,Tiết,tiet7
展,Triển,tʂien3
屙,A,a:1
峨,Nga,ŋa:1
峭,Tiễu,tiew4
峯,Phong,fɔŋ1
峴,Hiện,hien6
島,Đảo,da:w3
峻,Tuấn,twɤn5
峽,Hạp,ha:p8
崃,Lai,la:j1
帨,Thuế,t'we5
師,Sư,ʂɯ1
席,Tịch,tiʧ8
座,Tọa,twa:6
庫,Khố,ko5
弱,Nhược,ɲɯɤk8
徐,Từ,tɯ2
徑,Kính,kiɲ5
徒,Đồ,do2
恁,Nhẫm,ɲɤm4
恐,Khủng,xuŋ3
恐,Khúng,xuŋ5
恕,Thứ,t'ɯ5
恙,Dạng,za:ŋ6
恚,Khuể,xwe3
恣,Tứ,tɯ5
恥,Sỉ,ʂi3
恧,Nục,nuk8
恩,Ân,ɤn1
恭,Cung,kuŋ1
息,Tức,tɯk7
悁,Quyên,kwien1
悃,Khổn,xon3
悄,Tiễu,tiew4
悅,Duyệt,zwiet8
悌,Đễ,de4
悍,Hãn,ha:n4
悒,Ấp,ɤp7
悔,Hổi,hoj3
悔,Hối,hoj5
悖,Bội,boj6
悚,Tủng,tuŋ3
悛,Thuân,t'wɤn1
悝,Khôi,xoj1
悝,Lí,li5
悞,Ngộ,ŋo6
悟,Ngộ,ŋo6
悢,Lượng,lɯɤŋ6
扆,Ỷ,i3
扇,Thiên,t'ien1
扇,Phiến,fien5
拳,Quyền,kwien2
挈,Khiết,xiep7
挐,Noa,nwa:1
挐,Nư,nɯ1
挨,Ải,a:j3
挫,Tỏa,twa:3
振,Chấn,tʂɤn5
挱,Sa,ʂa:1
挹,Ấp,ɤp7
挼,Noa,nwa:1
挽,Vãn,va:n4
挾,Hiệp,hiep8
捃,Quấn,kwɤn5
捉,Tróc,tʂɔk7
捋,Loát,lwa:t7
捌,Bát,ba:t7
捍,Hãn,ha:n4
捎,Sao,ʂa:w1
捏,Niết,niet7
捐,Quyên,kwien1
捕,Bộ,bo6
效,Hiệu,hiew6
敉,Mị,mi6
敖,Ngao,ŋa:w1
料,Liệu,liew6
旁,Bàng,ba:ŋ2
旂,Kì,ki2
旃,Chiên,tʂien1
旄,Mao,ma:w1
旄,Mạo,ma:w6
旅,Lữ,lɯ4
旆,Bái,ba:j5
晁,Triều,tʂiew2
時,Thời,t'ɤ:j2
晃,Hoảng,hwan:ŋ3
晉,Tấn,tɤn5
晏,Yến,ien5
晚,Vãn,va:n4
晜,Côn,kon1
晝,Trú,tʂu5
晞,Hi,hi1
晟,Thịnh,t'iɲ6
書,Thư,t'ɯ1
朒,Nục,nuk8
朔,Sóc,ʂɔk7
朕,Trẫm,tʂɤm4
朗,Lãng,la:ŋ4
柴,Sài,ʂa:j2
栓,Xuyên,swien1
栖,Thê,t'e1
栖,Tê,te1
栗,Lật,lɤt8
栘,Di,zi1
栝,Quát,kwa:t7
栞,San,ʂa:n1
栟,Kiên,kien1
校,Hiệu,hiew6
校,Giáo,ʑa:w5
栩,Hủ,hu3
株,Chu,tʂu1
栱,Củng,kuŋ3
栲,Khảo,xa:w3
栳,Lão,la:w4
栴,Chiên,tʂien1
核,Hạch,ha:ʧ8
根,Căn,kan1
格,Cách,ka:ʧ7
栽,Tài,ta:j2
桀,Kiệt,kiet8
桁,Hành,ha:ɲ2
桁,Hàng,ha:ŋ2
桂,Quế,kwe5
桃,Đào,da:w2
桄,Quang,kwa:ŋ1
桄,Quáng,kwa:ŋ5
桅,Nguy,ŋwi1
框,Khuông,xuoŋ1
案,Án,a:n5
桌,Trác,tʂa:k7
桎,Chất,tʂɤt7
桐,Đồng,doŋ2
桑,Tang,ta:ŋ1
桓,Hoàn,hwa:n2
桔,Kết,ket7
梃,Đĩnh,diɲ4
梆,Bang,ba:ŋ1
條,Điều,diew2
梠,Lữ,lɯ4
梢,Sao,ʂa:w1
梧,Ngô,ŋo1
梨,Lê,le1
欬,Khái,xa:j5
歬,Tiền,tien2
殉,Tuẫn,twɤn4
殊,Thù,t'u2
殷,Ân,ɤn1
殺,Sát,ʂa:t7
氣,Khí,xi5
氤,Nhân,ɲɤn1
泰,Thái,t'a:j5
流,Lưu,lɯw1
浙,Chiết,tʂiet7
浚,Tuấn,twɤn5
浜,Banh,ba:ɲ1
浞,Trác,tʂa:k7
浡,Bột,bot8
浣,Hoán,hwa:n5
浥,Ấp,ɤp7
浦,Phố,fo5
浩,Hạo,ha:w6
浪,Lang,la:ŋ5
浪,Lãng,la:ŋ4
浭,Canh,ka:ɲ1
浮,Phù,fu2
浰,Lợi,lɤ:j6
浴,Dục,zuk8
海,Hải,ha:j3
浸,Tẩm,tɤm3
浹,Tiếp,tiep7
浺,Xung,suŋ1
浼,Miễn,mien4
浽,Tuy,twi1
浿,Phái,fa:j5
浿,Phối,foj5
涂,Đồ,do2
涅,Niết,niet7
涇,Kinh,kiɲ1
消,Tiêu,tiew1
涉,Thiệp,t'iep8
涊,Niễn,nien4
涌,Dũng,zuŋ4
涑,Tốc,tok7
涓,Quyên,kwien1
涔,Sầm,ʂɤm2
涕,Thế,t'e5
涖,Lị,li6
涘,Sĩ,ʂi4
烈,Liệt,liet8
烊,Dương,zɯɤŋ1
烏,Ô,o1
烖,Tai,ta:j1
烘,Hồng,hoŋ2
烙,Lạc,la:k8
烝,Chưng,tʂɯŋ1
烟,Yên,ien1
爹,Đa,da:1
牂,Tang,ta:ŋ1
牸,Tự,tɯ6
特,Đặc,dak8
狴,Bệ,be6
狷,Quyến,kwien5
狸,Li,li1
狹,Hiệp,hiep8
狺,Ngân,ŋɤn1
狻,Toan,twa:n1
狼,Lang,la:ŋ1
狽,Bái,ba:j5
珙,Củng,kuŋ3
珞,Lạc,la:k8
珠,Châu,tʂɤw1
珥,Nhị,ɲi6
珧,Diêu,ziew1
珩,Hành,ha:ɲ2
珪,Khuê,xwe1
班,Ban,ba:n1
珮,Bội,boj6
琊,Gia,ʑa:1
瓞,Điệt,diet8
瓶,Bình,biɲ2
瓷,Từ,tɯ2
甡,Sân,ʂɤn1
畔,Bạn,ba:n6
留,Lưu,lɯw1
畚,Bổn,bon3
畛,Chẩn,tʂɤn3
畜,Súc,ʂuk7
畜,Húc,huk7
畝,Mẫu,mɤw4
畢,Tất,tɤt7
疰,Chú,tʂu5
疲,Bì,bi2
疴,Kha,xa:1
疸,Đản,da:n3
疹,Chẩn,tʂɤn3
疼,Đông,doŋ1
疽,Thư,t'ɯ1
疾,Tật,tɤt8
疿,Phi,fi1
痀,Câu,kɤw1
痁,Thiêm,t'iem1
痁,Thiêm,t'iem1
痂,Già,ʑa:2
痃,Huyền,hwien2
痄,Chá,tʂa:5
病,Bệnh,beɲ6
皋,Cao,ka:w1
皰,Pháo,fa:w5
益,Ích,iʧ7
盍,Hạp,ha:p8
盎,Áng,a:ŋ5
眙,Di,zi1
眙,Dị,zi6
眚,Sảnh,ʂa:ɲ3
眛,Muội,muoj6
真,Chân,tʂɤn1
眠,Miên,mien1
眢,Oan,wa:n1
眩,Huyễn,hwien4
砝,Pháp,fa:p7
砥,Chỉ,tʂi3
砧,Châm,tʂɤm1
砮,Nỗ,no4
破,Phá,fa:5
祟,Trúy,tʂwi5
祥,Tường,tɯɤŋ2
祧,Thiêu,t'iew1
祫,Hợp,hɤ:p8
秘,Bí,bi5
租,Tô,to1
秣,Mạt,ma:t8
秤,Xứng,sɯŋ5
秦,Tần,tɤn2
秧,Ương,ɯɤŋ1
秩,Trật,tʂɤt8
秫,Thuật,t'wɤt8
窄,Trách,tʂa:ʧ7
窅,Yểu,iew3
窈,Yểu,iew3
站,Trạm,tʂa:m6
竚,Trữ,tʂɯ4
竝,Tịnh,tiɲ6
笄,Kê,ke1
笆,Ba,ba:1
笇,Toán,twa:n5
笊,Tráo,tʂa:w5
笋,Tuẩn,twɤn3
笏,Hốt,hot7
笑,Tiếu,tiew5
笫,Chỉ,tʂi3
粉,Phấn,fɤn5
紊,Vặn,van6
紋,Văn,van1
納,Nạp,na:p8
紐,Nữu,nɯw4
紓,Thư,t'ɯ1
純,Thuần,t'wɤn2
紕,Bì,bi2
紗,Sa,ʂa:1
紘,Hoành,hwa:ɲ2
紙,Chỉ,tʂi3
紛,Phân,fɤn1
紜,Vân,vɤn1
紝,Nhâm,ɲɤm1
素,Tố,to5
紡,Phưởng,fɯɤŋ3
索,Tác,ta:k7
索,Sách,ʂa:ʧ7
缺,Khuyết,xwiet7
罛,Cô,ko1
罝,Ta,ta:1
罟,Cổ,ko3
罠,Mân,mɤn1
羔,Cao,ka:w1
羖,Cổ,ko3
羞,Tu,tu1
翁,Ông,oŋ1
翃,Hoành,hwa:ɲ2
翅,Sí,ʂi5
耄,Mạo,ma:w6
耆,Kì,ki2
耕,Canh,ka:ɲ1
耘,Vân,vɤn1
耸,Tủng,tuŋ3
耽,Đam,da:m1
耿,Cảnh,ka:ɲ3
胭,Yên,ien1
胯,Khóa,xwa:5
胰,Di,zi1
胱,Quang,kwa:ŋ1
胴,Đỗng,doŋ4
胸,Hung,huŋ1
胹,Nhi,ɲi1
胼,Biền,bien2
能,Năng,naŋ1
脂,Chi,tʂi1
脃,Thúy,t'wi5
脅,Hiếp,hiep7
脆,Thúy,t'wi5
脊,Tích,tiʧ7
脡,Đĩnh,diɲ4
脩,Tu,tu1
臬,Nghiệt,ŋiet8
臭,Xú,su5
致,Trí,tʂi5
舀,Yểu,iew3
舐,Thỉ,t'i3
舩,Thuyền,t'wien2
航,Hàng,ha:ŋ2
舫,Phảng,fa:ŋ3
般,Ban,ba:n1
般,Bát,ba:t7
芻,Sô,ʂo1
茝,Chỉ,tʂi3
荳,Đậu,dɤw6
荷,Hà,ha:2
荻,Địch,diʧ8
荼,Đồ,do2
荽,Tuy,twi1
莅,Lị,li6
莆,Phủ,fu3
莉,Lị,li6
莊,Trang,tʂa:ŋ1
莎,Sa,ʂa:1
莓,Môi,moj1
莖,Hành,ha:ɲ2
莘,Sân,ʂɤn1
莘,Tân,tɤn1
莙,Quân,kwɤn1
莝,Toả,twa:3
莞,Hoàn,hwa:n2
莞,Hoản,hwa:n3
莠,Dửu,zɯw3
莢,Giáp,ʑa:p7
莧,Hiện,hien6
莨,Lang,la:ŋ1
莩,Phu,fu1
莩,Biễu,biew4
莪,Nga,ŋa:1
莫,Mạc,ma:k8
莽,Mãng,ma:ŋ4
華,Hoa,hwa:1
虒,Ti,ti1
虓,Hao,ha:w1
虔,Kiền,kien2
蚊,Văn,van1
蚋,Nhuế,ɲwe5
蚌,Bạng,ba:ŋ6
蚍,Tì,ti2
蚑,Kì,ki2
蚓,Dẫn,zɤn4
蚖,Ngoan,ŋwa:n1
蚘,Hồi,hoj2
蚣,Công,koŋ1
蚨,Phù,fu2
蚩,Xi,si1
蚪,Đẩu,dɤw3
衄,Nục,nuk8
衰,Suy,ʂwi1
衷,Trung,tʂuŋ1
衷,Trúng,tʂuŋ5
衺,Tà,ta:2
衾,Khâm,xɤm1
袁,Viên,vien1
袍,Bào,ba:w2
袒,Đản,da:n3
袖,Tụ,tu6
袗,Chẩn,tʂɤn3
袪,Khư,xɯ1
被,Bị,bi6
訊,Tấn,tɤn5
訌,Hồng,hoŋ2
討,Thảo,t'a:w3
訏,Hu,hu1
訐,Kiết,kiet7
訒,Nhẫn,ɲɤn4
訓,Huấn,hwɤn5
訕,Sán,ʂa:n5
訖,Ngật,ŋɤt8
託,Thác,t'a:k7
記,Kí,ki5
豇,Giang,ʑa:ŋ1
豈,Khởi,xɤ:j3
豗,Hôi,hoj1
豹,Báo,ba:w5
豺,Sài,ʂa:j2
豻,Ngan,ŋa:n1
財,Tài,ta:j2
貢,Cống,koŋ5
貤,Dị,zi6
貤,Di,zi1
起,Khởi,xɤ:j3
趵,Bác,ba:k7
趿,Táp,ta:p7
躬,Cung,kuŋ1
軏,Nguyệt,ŋwiet8
軏,Ngột,ŋot8
軒,Hiên,hien1
軔,Nhận,ɲɤn6
辱,Nhục,ɲuk8
逋,Bô,bo1
逍,Tiêu,tiew1
透,Thấu,t'ɤw5
逐,Trục,tʂuk8
逑,Cầu,kɤw2
途,Đồ,do2
逕,Kính,kiɲ5
逖,Địch,diʧ8
逗,Đậu,dɤw6
這,Giá,ʑa:5
通,Thông,t'oŋ1
逛,Cuống,kuoŋ5
逝,Thệ,t'e6
逞,Sính,ʂiɲ5
速,Tốc,tok7
造,Tạo,ta:w6
逡,Thuân,t'wɤn1
逢,Phùng,fuŋ2
連,Liên,lien1
邕,Ung,uŋ1
部,Bộ,bo6
郫,Bì,bi2
郭,Quách,kwa:ʧ7
郯,Đàm,da:m2
郰,Châu,tʂɤw1
郴,Sâm,ʂɤm1
郵,Bưu,bɯw1
都,Đô,do1
鄀,Nhược,ɲɯɤk8
酌,Chước,tʂɯɤk7
配,Phối,foj5
酎,Trữu,tʂɯw4
酒,Tửu,tɯw3
釘,Đinh,diɲ1
釘,Đính,diɲ5
釜,Phủ,fu3
針,Châm,tʂɤm1
閃,Thiểm,t'iem3
陪,Bồi,boj2
陬,Tưu,tɯw1
陰,Âm,ɤm1
陲,Thùy,t'wi2
陳,Trần,tʂɤn2
陴,Bì,bi2
陵,Lăng,laŋ1
陶,Dao,za:w1
陶,Đào,da:w2
陷,Hãm,ha:m4
陸,Lục,luk8
陼,Chử,tʂɯ3
隻,Chích,tʂiʧ7
隼,Chuẩn,tʂwɤn3
飢,Cơ,kɤ:1
飣,Đính,diɲ5
馬,Mã,ma:4
高,Cao,ka:w1
髟,Bưu,bɯw1
鬥,Đấu,dɤw5
鬯,Sưởng,ʂɯɤŋ3
鬲,Cách,ka:ʧ7
鬲,Lịch,liʧ8
乾,Can,ka:n1
乾,Càn,ka:n2
偁,Xưng,sɯŋ1
偃,Yển,ien3
假,Giả,ʑa:3
假,Giá,ʑa:5
偈,Kệ,ke6
偉,Vĩ,vi4
偎,Ôi,oj1
偏,Thiên,t'ien1
偓,Ác,a:k7
偕,Giai,ʑa:j1
停,Đình,diɲ2
偪,Bức,bɯk7
偬,Tổng,toŋ3
偭,Mạn,ma:n6
偲,Ti,ti1
偲,Tai,ta:j1
側,Trắc,tʂak7
偵,Trinh,tʂiɲ1
偶,Ngẫu,ŋɤw4
偷,Thâu,t'ɤw1
傀,Khôi,xoj1
傀,Quỷ,kwi3
兜,Đâu,dɤw1
冕,Miện,mien6
凰,Hoàng,hwan:ŋ2
剪,Tiễn,tien4
副,Phó,fɔ5
勒,Lặc,lak8
動,Động,doŋ6
勗,Úc,uk7
勘,Khám,xa:m5
匏,Bào,ba:w2
匐,Bặc,bak8
匙,Thi,t'i1
匭,Quỹ,kwi4
匮,Quỹ,kwi4
匾,Biển,bien3
區,Khu,xu1
區,Âu,ɤw1
參,Sâm,ʂɤm1
參,Tham,t'a:m1
參,Tam,ta:m1
唪,Phủng,fuŋ3
唭,Cức,kɯk7
售,Thụ,t'u6
唯,Duy,zwi1
唱,Xướng,sɯɤŋ5
唳,Lệ,le6
唵,Úm,um5
唾,Thóa,t'wa:5
啀,Nhai,ɲa:j1
啁,Trù,tʂu2
啄,Trác,tʂa:k7
商,Thương,t'ɯɤŋ1
問,Vấn,vɤn5
啐,Thối,t'oj5
啑,Xiệp,siep8
啕,Đào,da:w2
啖,Đạm,da:m6
啗,Đạm,da:m6
啚,Bỉ,bi3
啚,Đồ,do2
啜,Xuyết,swiet7
啞,Á,a:5
啞,Ách,a:ʧ7
啟,Khải,xa:j3
啡,Phê,fe1
喎,Oa,wa:1
喏,Nhạ,ɲa:6
圈,Khuyên,xwien1
圉,Ngữ,ŋɯ4
圊,Thanh,t'a:ɲ1
國,Quốc,kwok7
埝,Niệm,niem6
域,Vực,vɯk8
埤,Bì,bi2
埧,Cụ,ku6
埭,Đại,da:j6
埰,Thái,t'a:j5
埴,Thực,t'ɯk8
埵,Đỏa,dwa:3
埶,Nghệ,ŋe6
執,Chấp,tʂɤp7
埸,Dịch,ziʧ8
培,Bồi,boj2
基,Cơ,kɤ:1
堀,Quật,kwɤt8
堂,Đường,dɯɤŋ2
堅,Kiên,kien1
堆,Đôi,doj1
堊,Ác,a:k7
堝,Qua,qwa:1
堵,Đổ,do3
夠,Cú,ku5
奢,Xa,sa:1
娬,Vũ,vu4
娶,Thú,t'u5
婁,Lâu,lɤw1
婆,Bà,ba:2
婉,Uyển,wien3
婕,Tiệp,tiep8
婚,Hôn,hon1
婢,Tì,ti2
婥,Sước,ʂɯɤk7
婦,Phụ,fu6
婪,Lam,la:m1
婬,Dâm,zɤm1
婭,Á,a:5
媧,Oa,wa:1
孰,Thục,t'uk8
宿,Túc,tuk7
宿,Tú,tu5
寀,Thái,t'a:j5
寂,Tịch,tiʧ8
寄,Kí,ki5
寅,Dần,zɤn2
密,Mật,mɤt8
寇,Khấu,xɤw5
專,Chuyên,tʂwien1
尉,Úy,wi5
尉,Uất,wɤt7
屝,Phỉ,fi3
屠,Chư,tʂɯ1
屠,Đồ,do2
崆,Không,koŋ1
崇,Sùng,ʂuŋ2
崍,Lai,la:j1
崎,Khi,xi1
崑,Côn,kon1
崔,Thôi,t'oj1
崖,Nhai,ɲa:j1
崗,Cương,kɯɤŋ1
崙,Lôn,lon1
崚,Lăng,laŋ1
崛,Quật,kwɤt8
崞,Quách,kwa:ʧ7
崢,Tranh,tʂa:ɲ1
崤,Hào,ha:w2
崦,Yêm,iem1
崧,Tủng,tuŋ3
崩,Băng,baŋ1
巢,Sào,ʂa:w2
帳,Trướng,tʂɯɤŋ5
帵,Oan,wa:n1
帶,Đái,da:j5
帷,Duy,zwi1
常,Thường,t'ɯɤŋ2
啚,Bỉ,bi3
庳,Tì,ti2
庳,Bỉ,bi3
庵,Am,a:m1
庶,Thứ,t'ɯ5
康,Khang,xa:ŋ1
庸,Dung,zuŋ1
庾,Dữu,zɯw4
廊,Lang,la:ŋ1
張,Trương,tʂɯɤŋ1
強,Cường,kɯɤŋ2
彗,Tuệ,twe6
彩,Thái,t'a:j5
彫,Điêu,diew1
彬,Bân,bɤn1
得,Đắc,dak7
徘,Bồi,boj2
徙,Tỉ,ti3
徜,Thảng,t'a:ŋ3
從,Tùng,tuŋ2
從,Thung,t'uŋ1
徠,Lai,la:j1
徠,Lại,la:j6
恿,Dũng,zuŋ4
悉,Tất,tɤt7
悠,Du,zu1
患,Hoạn,hwa:n6
悤,Thông,t'oŋ1
悰,Tông,toŋ1
悱,Phỉ,fi3
悴,Tụy,twi6
悵,Trướng,tʂɯɤŋ5
悸,Quý,kwi5
悻,Hãnh,ha:ɲ4
悼,Điệu,diew6
悽,Thê,t'e1
悾,Không,koŋ1
情,Tình,tiɲ2
惆,Trù,tʂu2
惇,Đôn,don1
惋,Oản,wa:n3
惔,Đàm,da:m2
惕,Dịch,ziʧ8
惘,Võng,vɔŋ4
惚,Hốt,hot7
惛,Hôn,hon1
惜,Tích,tiʧ7
惟,Duy,zwi1
惧,Cụ,ku6
戚,Thích,t'iʧ7
戛,Kiết,kiet7
扈,Hỗ,ho4
挲,Sa,ʂa:1
捥,Oản,wa:n3
捧,Phủng,fuŋ3
捨,Xả,sa:3
捩,Lệ,le6
捩,Liệt,liet8
捫,Môn,mon1
捭,Bãi,ba:j4
据,Cư,kɯ1
捲,Quyển,kwien3
捶,Chúy,tʂwi5
捷,Tiệp,tiep8
捺,Nại,na:j6
捻,Niệp,niep8
捼,Noa,nwa:1
捽,Tốt,tot7
掀,Hiên,hien1
掃,Tảo,ta:w3
掄,Luân,lwɤn1
掇,Xuyết,swiet7
授,Thụ,t'u6
掉,Điệu,diew6
掊,Bồi,boj2
掊,Phẫu,fɤw4
掎,Kỉ,ki3
掏,Đào,da:w2
掐,Kháp,xa:p7
排,Bài,ba:j2
掖,Dịch,ziʧ8
掘,Quật,kwɤt8
掛,Quải,kwa:j3
掞,Thiểm,t'iem3
掠,Lược,lɯɤk8
採,Thái,t'a:j5
探,Thám,t'a:m5
接,Tiếp,tiep7
控,Khống,koŋ5
推,Thôi,t'oj1
推,Suy,ʂwi1
掩,Yểm,iem3
措,Thố,t'o5
掫,Tưu,tɯw1
掬,Cúc,kuk7
敏,Mẫn,mɤn4
救,Cứu,kɯw5
敔,Ngữ,ŋɯ4
敕,Sắc,ʂak7
敗,Bại,ba:j6
敘,Tự,tɯ6
教,Giao,ʑa:w1
教,Giáo,ʑa:w5
敝,Tệ,te6
敢,Cảm,ka:m3
斛,Hộc,hok8
斜,Tà,ta:2
斬,Trảm,tʂa:m3
旋,Toàn,twa:n2
旌,Tinh,tiɲ1
旎,Nỉ,ni3
族,Tộc,tok8
旣,Kí,ki5
晡,Bô,bo1
晤,Ngộ,ŋo6
晦,Hối,hoj5
晨,Thần,t'ɤn2
曹,Tào,ta:w2
曼,Man,ma:n1
曼,Mạn,ma:n6
望,Vọng,vɔŋ6
桫,Sa,ʂa:1
桬,Sa,ʂa:1
桮,Bôi,boj1
桲,Bột,bot8
桴,Phù,fu2
桶,Dũng,zuŋ4
桷,Giác,ʑa:k7
桹,Lang,la:ŋ1
梁,Lương,lɯɤŋ1
梅,Mai,ma:j1
梏,Cốc,kok7
梐,Bệ,be6
梓,Tử,tɯ3
梔,Chi,tʂi1
梗,Ngạnh,ŋa:ɲ6
梟,Kiêu,kiew1
梭,Thoa,t'wa:1
梯,Thê,t'e1
械,Giới,ʑɤ:j5
梱,Khổn,xon3
梲,Chuyết,tʂwiet7
梳,Sơ,ʂɤ:1
梵,Phạm,fa:m6
欲,Dục,zuk8
欵,Khoản,xwa:n3
欷,Hi,hi1
欸,Ai,a:j1
殍,Biễu,biew4
毫,Hào,ha:w2
毬,Cầu,kɤw2
涪,Phù,fu2
涯,Nhai,ɲa:j1
液,Dịch,ziʧ8
涳,Không,koŋ1
涵,Hàm,ha:m2
涸,Hạc,ha:k8
涼,Lương,lɯɤŋ1
涿,Trác,tʂa:k7
淄,Truy,tʂwi1
淅,Tích,tiʧ7
淆,Hào,ha:w2
淇,Kì,ki2
淋,Lâm,lɤm1
淑,Thục,t'uk8
淒,Thê,t'e1
淖,Náo,na:w5
淙,Tông,toŋ1
淚,Lệ,le6
淝,Phì,fi2
淞,Tùng,tuŋ2
淟,Điến,dien5
淡,Đạm,da:m6
淤,Ứ,ɯ5
淥,Lục,luk8
淦,Cam,ka:m1
淨,Tịnh,tiɲ6
淩,Lăng,laŋ1
淪,Luân,lwɤn1
淫,Dâm,zɤm1
淬,Thối,t'oj5
淮,Hoài,hwa:j2
深,Thâm,t'ɤm1
淳,Thuần,t'wɤn2
淶,Lai,la:j1
混,Hỗn,hon4
淹,Yêm,iem1
淺,Tiên,tien1
淺,Thiển,t'ien3
添,Thiêm,t'iem1
清,Thanh,t'a:ɲ1
渚,Chử,tʂɯ3
渠,Cừ,kɯ2
渦,Qua,qwa:1
渦,Oa,wa:1
渮,Ca,ka:1
烰,Phù,fu2
烹,Phanh,fa:ɲ1
烽,Phong,fɔŋ1
焉,Yên,ien1
爽,Sảng,ʂa:ŋ3
牼,Khanh,xa:ɲ1
牽,Khiên,xien1
犁,Lê,le1
猊,Nghê,ŋe1
猖,Xương,sɯɤŋ1
猗,Y,i1
猘,Chế,tʂe5
猙,Tranh,tʂa:ɲ1
猛,Mãnh,ma:ɲ4
猜,Sai,ʂa:j1
猝,Thốt,t'ot7
猪,Trư,tʂɯ1
猫,Miêu,miew1
率,Súy,ʂwi5
率,Suất,ʂwɤt7
玈,Lô,lo1
現,Hiện,hien6
琁,Tuyền,twien2
球,Cầu,kɤw2
琅,Lang,la:ŋ1
理,Lí,li5
琇,Tú,tu5
琉,Lưu,lɯw1
瓠,Hồ,ho2
瓻,Hi,hi1
甜,Điềm,diem2
產,Sản,ʂa:n3
畣,Đáp,da:p7
略,Lược,lɯɤk8
畦,Huề,hwe2
異,Dị,zi6
疵,Tì,ti2
痊,Thuyên,t'wien1
痌,Đồng,doŋ2
痍,Di,zi1
痎,Giai,ʑa:j1
痏,Vị,vi6
痔,Trĩ,tʂi4
痕,Ngân,ŋɤn1
皎,Kiểu,kiew3
皐,Cao,ka:w1
盒,Hạp,ha:p8
盔,Khôi,xoj1
盛,Thịnh,t'iɲ6
眥,Tí,ti5
眯,Mị,mi6
眱,Di,zi1
眴,Thuấn,t'wɤn5
眵,Si,ʂi1
眶,Khuông,xuoŋ1
眷,Quyến,kwien5
眸,Mâu,mɤw1
眺,Thiếu,t'iew5
眼,Nhãn,ɲa:n4
眽,Mạch,ma:ʧ8
眾,Chúng,tʂuŋ5
砦,Trại,tʂa:j6
硃,Chu,tʂu1
硇,Nao,na:w1
硎,Hình,hiɲ2
硐,Đồng,doŋ2
票,Phiếu,fiew5
祭,Tế,te5
祭,Sái,ʂa:j5
祲,Tẩm,tɤm3
祴,Cai,ka:j1
秸,Kiết,kiet7
移,Di,zi1
窑,Diêu,ziew1
窒,Trất,tʂɤt7
窓,Song,ʂɔŋ1
窔,Yểu,iew3
窕,Điệu,diew6
竟,Cánh,ka:ɲ5
章,Chương,tʂɯɤŋ1
竫,Tĩnh,tiɲ4
笘,Thiêm,t'iem1
笙,Sanh,ʂa:ɲ1
笛,Địch,diʧ8
笞,Si,ʂi1
笠,Lạp,la:p8
笥,Tứ,tɯ5
符,Phù,fu2
笨,Bổn,bon3
笪,Đát,da:t7
第,Đệ,de6
笱,Cẩu,kɤw3
笳,Già,ʑa:2
笵,Phạm,fa:m6
筇,Cung,kuŋ1
粒,Lạp,la:p8
粕,Phách,fa:ʧ7
粗,Thô,t'o1
粘,Niêm,niem1
紬,Trừu,tʂɯw2
紮,Trát,tʂa:t7
累,Lụy,lwi6
累,Lũy,lwi4
細,Tế,te5
紱,Phất,fɤt7
紲,Tiết,tiet7
紳,Thân,t'ɤn1
紵,Trữ,tʂɯ4
紹,Thiệu,t'iew6
紺,Cám,ka:m5
紼,Phất,fɤt7
紾,Chẩn,tʂɤn3
紾,Diễn,zien4
紿,Đãi,da:j4
絀,Truất,tʂwɤt7
絁,Thi,t'i1
終,Chung,tʂuŋ1
絃,Huyền,hwien2
組,Tổ,to3
絅,Quýnh,kwiɲ5
絆,Bán,ba:n5
缽,Bát,ba:t7
罣,Quái,kwa:j5
羚,Linh,liɲ1
羜,Trữ,tʂɯ4
羝,Đê,de1
翊,Dực,zɯk8
翌,Dực,zɯk8
翎,Linh,liɲ1
習,Tập,tɤp8
耚,Bà,ba:2
耜,Cử,kɯ3
聃,Đam,da:m1
聆,Linh,liɲ1
聊,Liêu,liew1
脖,Bột,bot8
脗,Vẫn,vɤn4
脘,Quản,kwa:n3
脚,Cước,kɯɤk7
脛,Hĩnh,hiɲ4
脝,Hanh,ha:ɲ1
脞,Tỏa,twa:3
脣,Thần,t'ɤn2
脤,Thận,t'ɤn6
脧,Tuyên,twien1
脧,Thôi,t'oj1
脫,Thoát,t'wa:t7
脬,Phao,fa:w1
脯,Bô,bo1
脰,Đậu,dɤw6
舂,Thung,t'uŋ1
舲,Linh,liɲ1
舳,Trục,tʂuk8
舴,Trách,tʂa:ʧ7
舵,Đả,da:3
舶,Bạc,ba:k8
舷,Huyền,hwien2
舸,Khả,xa:3
船,Thuyền,t'wien2
艴,Phật,fɤt8
菀,Uyển,wien3
菁,Tinh,tiɲ1
菅,Gian,ʑa:n1
菉,Lục,luk8
菊,Cúc,kuk7
菌,Khuẩn,xwɤn3
菓,Quả,qwa:3
菔,Bặc,bak8
菖,Xương,sɯɤŋ1
菘,Tùng,tuŋ2
菜,Thái,t'a:j5
菟,Thố,t'o5
菤,Quyển,kwien3
菩,Bồ,bo2
菪,Đãng,da:ŋ4
菰,Cô,ko1
菱,Lăng,laŋ1
菲,Phi,fi1
菲,Phỉ,fi3
菸,Ư,ɯ1
菹,Trư,tʂɯ1
菼,Thảm,t'a:m3
菽,Thục,t'uk8
菾,Điềm,diem2
萁,Ki,ki1
萃,Tụy,twi6
萄,Đào,da:w2
萆,Tì,ti2
萇,Trường,tʂɯɤŋ2
萉,Phì,fi2
萉,Phí,fi5
萊,Lai,la:j1
萋,Thê,t'e1
萌,Manh,ma:ɲ1
萍,Bình,biɲ2
萎,Nuy,nwi1
萏,Đạm,da:m6
萐,Tiệp,tiep8
萑,Hoàn,hwa:n2
萸,Du,zu1
著,Trứ,tʂɯ5
著,Trước,tʂɯɤk7
處,Xử,sɯ3
處,Xứ,sɯ5
虖,Hô,ho1
虙,Mật,mɤt8
蚯,Khâu,xɤw1
蚰,Du,zu1
蚱,Trách,tʂa:ʧ7
蚳,Chỉ,tʂi3
蚶,Ham,ha:m1
蚺,Nhiêm,ɲiem1
蚿,Huyền,hwien2
蛀,Chú,tʂu5
蛄,Cô,ko1
蛆,Thư,t'ɯ1
蛇,Di,zi1
蛇,Xà,sa:2
蛉,Linh,liɲ1
蛋,Đản,da:n3
衅,Hấn,hɤn5
衒,Huyễn,hwien4
術,Thuật,t'wɤt8
袈,Ca,ka:1
袋,Đại,da:j6
袌,Bão,ba:w4
袞,Cổn,kon3
袠,Trật,tʂɤt8
袤,Mậu,mɤw6
袴,Khố,ko5
袵,Nhẫm,ɲɤm4
袷,Giáp,ʑa:p7
袷,Kiếp,kiep7
袺,Kết,ket7
袽,Như,ɲɯ1
袿,Khuê,xwe1
裀,Nhân,ɲɤn1
規,Quy,kwi1
覓,Mịch,miʧ8
視,Thị,t'i6
觖,Quyết,kwiet7
訛,Ngoa,ŋwa:1
訝,Nhạ,ɲa:6
訟,Tụng,tuŋ6
訢,Hi,hi1
訢,Hân,hɤn1
訣,Quyết,kwiet7
訥,Nột,not8
訩,Hung,huŋ1
訪,Phóng,fɔŋ5
設,Thiết,t'iet7
許,Hứa,hɯɤ5
詎,Cự,kɯ6
豉,Thị,t'i6
豚,Đồn,don2
豝,Ba,ba:1
象,Tượng,tɯɤŋ6
貧,Bần,bɤn2
貨,Hóa,hwa:5
販,Phiến,fien5
貪,Tham,t'a:m1
貫,Quán,kwa:n5
責,Trách,tʂa:ʧ7
貶,Biếm,biem5
赦,Xá,sa:5
赧,Noản,nwa:n3
趹,Quyết,kwiet7
趺,Phu,fu1
趼,Nghiễn,ŋien4
趾,Chỉ,tʂi3
跁,Bả,ba:3
跂,Kì,ki2
距,Cự,kɯ6
軛,Ách,a:ʧ7
軟,Nhuyễn,ɲwien4
逬,Bính,biɲ5
逭,Hoán,hwa:n5
逮,Đãi,da:j4
逯,Lục,luk8
進,Tiến,tien5
逴,Trác,tʂa:k7
逴,Sước,ʂɯɤk7
逵,Quỳ,kwi2
逶,Uy,wi1
逸,Dật,zɤt8
過,Quá,qwa:5
郾,Yển,ien3
郿,Mi,mi1
鄂,Ngạc,ŋa:k8
鄆,Vận,vɤn6
鄉,Hương,hɯɤŋ1
酖,Đam,da:m1
酗,Húng,huŋ5
野,Dã,za:4
釣,Điếu,diew5
釦,Khẩu,xɤw3
釧,Xuyến,swien5
釬,Hạn,ha:n6
釭,Công,koŋ1
釭,Cang,ka:ŋ1
釵,Xoa,swa:1
閈,Hãn,ha:n4
閉,Bế,be5
陻,Nhân,ɲɤn1
陽,Dương,zɯɤŋ1
陿,Hiệp,hiep8
隃,Du,zu1
隄,Đê,de1
隄,Đê,de1
隅,Ngung,ŋuŋ1
隆,Long,lɔŋ1
隈,Ôi,oj1
隉,Niết,niet7
隊,Đội,doj6
隋,Tùy,twi2
隍,Hoàng,hwan:ŋ2
階,Giai,ʑa:j1
随,Tùy,twi2
隗,Ngôi,ŋoj1
雀,Tước,tɯɤk7
雩,Vu,vu1
雩,Vu,vu1
雪,Tuyết,twiet7
頂,Đỉnh,diɲ5
頃,Khoảnh,xwa:ɲ3
飥,Thác,t'a:k7
馗,Quỳ,kwi2
魚,Ngư,ŋɯ1
鳥,Điểu,diew3
鹵,Lỗ,lo4
鹿,Lộc,lok8
麥,Mạch,ma:ʧ8
麻,Ma,ma:1
黃,Hoàng,hwan:ŋ2
傅,Phó,fɔ5
傍,Bàng,ba:ŋ2
傎,Điên,dien1
傑,Kiệt,kiet8
傒,Hề,he2
傔,Khiểm,xiem3
傖,Sanh,ʂa:ɲ1
傘,Tản,ta:n3
備,Bị,bi6
傚,Hiệu,hiew6
傲,Ngạo,ŋa:w6
凓,Lật,lɤt8
凔,Sương,ʂɯɤŋ1
凱,Khải,xa:j3
剩,Thặng,t'aŋ6
割,Cát,ka:t7
剴,Cai,ka:j1
創,Sáng,ʂa:ŋ5
創,Sang,ʂa:ŋ1
勛,Huân,hwɤn1
勝,Thắng,t'aŋ5
勝,Thăng,t'aŋ1
勞,Lao,la:w1
勞,Lạo,la:w6
募,Mộ,mo6
博,Bác,ba:k7
厤,Lịch,liʧ8
厥,Quyết,kwiet7
啻,Thí,t'i5
啼,Đề,de2
啾,Thu,t'u1
喀,Khách,xa:ʧ7
喁,Ngung,ŋuŋ1
喁,Ngu,ŋu1
喃,Nam,na:m1
善,Thiện,t'ien6
喈,Dê,ze1
喉,Hầu,hɤw2
喊,Hảm,ha:m3
喋,Điệp,diep8
喑,Âm,ɤm1
喔,Ác,a:k7
喘,Suyễn,ʂwien4
喙,Uế,we5
喚,Hoán,hwa:n5
喜,Hỉ,hi3
喝,Hát,ha:t7
喟,Vị,vi6
喣,Hú,hu5
喤,Hoàng,hwan:ŋ2
喧,Huyên,hwien1
喪,Tang,ta:ŋ1
喪,Táng,ta:ŋ5
喫,Khiết,xiep7
喬,Kiều,kiew2
喭,Ngạn,ŋa:n6
單,Đan,da:n1
單,Thiền,t'ien2
單,Thiện,t'ien6
喻,Dụ,zu6
嗟,Ta,ta:1
嗢,Ốt,ot7
嘅,Khái,xa:j5
圌,Thùy,t'wi2
圍,Vi,vi1
堙,Nhân,ɲɤn1
堞,Điệp,diep8
堠,Hậu,hɤw6
堡,Bảo,ba:w3
堤,Đê,de1
堦,Giai,ʑa:j1
堪,Kham,xa:m1
堯,Nghiêu,ŋiew1
堰,Yển,ien3
報,Báo,ba:w5
場,Trường,tʂɯɤŋ2
塊,Khối,xoj5
塔,Tháp,t'a:p7
壹,Nhất,ɲɤt7
壺,Hồ,ho2
壻,Tế,te5
奠,Điện,dien6
奡,Ngạo,ŋa:w6
婣,Nhân,ɲɤn1
婺,Vụ,vu6
媒,Môi,moj1
媚,Mị,mi6
媛,Viên,vien1
媛,Viện,vien6
媟,Tiết,tiet7
媢,Mạo,ma:w6
媯,Quy,kwi1
媿,Quý,kwi5
嫂,Tẩu,tɤw3
孱,Sàn,ʂa:n2
孳,Tư,tɯ1
富,Phú,fu5
寐,Mị,mi6
寒,Hàn,ha:n2
寓,Ngụ,ŋu6
寔,Thật,t'ɤt8
尊,Tôn,ton1
尋,Tầm,tɤm2
就,Tựu,tɯw6
崱,Trắc,tʂak7
崴,Uy,wi1
崺,Dĩ,zi4
崽,Tể,te3
嵇,Kê,ke1
嵋,Mi,mi1
嵌,Khảm,xa:m3
嵎,Ngung,ŋuŋ1
嵏,Tông,toŋ1
嵐,Lam,la:m1
嵒,Nham,ɲa:m1
嵫,Tư,tɯ1
嵬,Ngôi,ŋoj1
嵯,Tha,t'a:1
巽,Tốn,ton5
帽,Mạo,ma:w6
幀,Tránh,tʂa:ɲ5
幃,Vi,vi1
幄,Ác,a:k7
幅,Phúc,fuk7
幾,Cơ,kɤ:1
幾,Kỉ,ki3
幾,Kí,ki5
廀,Sưu,ʂɯw1
廁,Xí,si5
廂,Sương,ʂɯɤŋ1
廄,Cứu,kɯw5
廋,Sưu,ʂɯw1
弼,Bật,bɤt8
彘,Trệ,tʂe6
彭,Bành,ba:ɲ2
御,Ngự,ŋɯ6
徧,Biến,bien5
徨,Hoàng,hwan:ŋ2
復,Phú,fu5
復,Phúc,fuk7
循,Tuần,twɤn2
悲,Bi,bi1
悶,Muộn,muon6
惄,Nịch,niʧ8
惎,Kị,ki6
惑,Hoặc,hwak8
惠,Huệ,hwe6
惡,Ác,a:k7
惡,Ố,o5
惢,Nhị,ɲi6
惪,Đức,dɯk7
惰,Nọa,nwa:6
惱,Não,na:w4
惲,Uẩn,wɤn3
惴,Chúy,tʂwi5
惶,Hoàng,hwan:ŋ2
惸,Quỳnh,kwiɲ2
惹,Nhạ,ɲa:6
惺,Tinh,tiɲ1
惻,Trắc,tʂak7
愀,Thiểu,t'iew3
愉,Du,zu1
愊,Phức,fɯk7
愎,Phức,fɯk7
愒,Khái,xa:j5
愔,Âm,ɤm1
愕,Ngạc,ŋa:k8
愜,Thiếp,t'iep7
愠,Uấn,wɤn5
愧,Quý,kwi5
慌,Hoảng,hwan:ŋ3
慨,Khái,xa:j5
戟,Kích,kiʧ7
戡,Kham,xa:m1
戢,Tập,tɤp8
扉,Phi,fi1
掌,Chưởng,tʂɯɤŋ3
掣,Xế,se5
掣,Xiết,siet7
掾,Duyện,zwien6
揀,Giản,ʑa:n3
揃,Tiễn,tien4
揄,Du,zu1
揆,Quỹ,kwi4
揉,Nhu,ɲu1
揌,Tai,ta:j1
揎,Tuyên,twien1
描,Miêu,miew1
提,Thì,t'i2
提,Đề,de2
插,Sáp,ʂa:p7
揔,Tổng,toŋ3
揕,Chấm,tʂɤm5
揖,Ấp,ɤp7
揗,Tuần,twɤn2
揚,Dương,zɯɤŋ1
換,Hoán,hwa:n5
揜,Yểm,iem3
揞,Yêm,iem1
揠,Yết,iet7
握,Ác,a:k7
揢,Khách,xa:ʧ7
揣,Sủy,ʂwi3
揩,Khai,xa:j1
揭,Yết,iet7
揮,Huy,hwi1
揲,Thiệt,t'iet8
揲,Diệp,ziep8
揲,Điệp,diep8
援,Viên,vien1
援,Viện,vien6
搓,Tha,t'a:1
搔,Tao,ta:w1
搜,Sưu,ʂɯw1
搥,Đôi,doj1
搭,Đáp,da:p7
搰,Hột,hot8
摒,Bính,biɲ5
攲,Khi,xi1
敞,Sưởng,ʂɯɤŋ3
散,Tản,ta:n3
散,Tán,ta:n5
敦,Đôi,doj1
敦,Đôn,don1
敦,Độn,don6
敬,Kính,kiɲ5
斌,Bân,bɤn1
斐,Phỉ,fi3
斑,Ban,ba:n1
斝,Giả,ʑa:3
斮,Trác,tʂa:k7
斯,Tư,tɯ1
旐,Triệu,tʂiew6
晬,Tối,toj5
普,Phổ,fo3
景,Cảnh,ka:ɲ3
晴,Tình,tiɲ2
晶,Tinh,tiɲ1
晷,Quỹ,kwi4
智,Trí,tʂi5
晻,Yểm,iem3
晻,Yểm,iem3
暎,Ánh,a:ɲ5
暑,Thử,t'ɯ3
曾,Tăng,taŋ1
曾,Tằng,taŋ2
替,Thế,t'e5
最,Tối,toj5
朝,Triêu,tʂiew1
朝,Triều,tʂiew2
期,Ki,ki1
期,Kì,ki2
棃,Lê,le1
棄,Khí,xi5
棉,Miên,mien1
棋,Kì,ki2
棍,Côn,kon1
棐,Phỉ,fi3
棒,Bổng,boŋ3
棖,Tranh,tʂa:ɲ1
棗,Tảo,ta:w3
棘,Cức,kɯk7
棚,Bằng,baŋ2
棟,Đống,doŋ5
棠,Đường,dɯɤŋ2
棣,Đệ,de6
棧,Sạn,ʂa:n6
棨,Khể,xe3
棫,Vực,vɯk8
棬,Khuyên,xwien1
森,Sâm,ʂɤm1
棱,Lăng,laŋ1
棲,Thê,t'e1
棵,Khỏa,xwa:3
棹,Trạo,tʂa:w6
棺,Quan,kwa:n1
棺,Quán,kwa:n5
棼,Phần,fɤn2
椀,Oản,wa:n3
椁,Quách,kwa:ʧ7
椅,Y,i1
椅,Ỷ,i3
椇,Củ,ku3
植,Thực,t'ɯk8
椎,Truy,tʂwi1
椏,Nha,ɲa:1
椐,Cư,kɯ1
椒,Tiêu,tiew1
椓,Trạc,tʂa:k8
椰,Gia,ʑa:1
楛,Khổ,ko3
楮,Chử,tʂɯ3
極,Cực,kɯk8
榔,Lang,la:ŋ1
欹,Y,i1
欺,Khi,xi1
欻,Hốt,hot7
欽,Khâm,xɤm1
款,Khoản,xwa:n3
欿,Khảm,xa:m3
殖,Thực,t'ɯk8
殘,Tàn,ta:n2
殛,Cức,kɯk7
殽,Hào,ha:w2
毯,Thảm,t'a:m3
毳,Thuế,t'we5
氮,Đạm,da:m6
淵,Uyên,wien1
淼,Miểu,miew3
渙,Hoán,hwa:n5
減,Giảm,ʑa:m3
渝,Du,zu1
渟,Đình,diɲ2
渡,Độ,do6
渣,Tra,tʂa1
渤,Bột,bot8
渥,Ác,a:k7
測,Trắc,tʂak7
渭,Vị,vi6
港,Cảng,ka:ŋ3
渲,Tuyển,twien3
渴,Khát,xa:t7
渴,Kiệt,kiet8
游,Du,zu1
渺,Diểu,ziew3
渻,Tỉnh,tiɲ3
渻,Tỉnh,tiɲ3
渼,Mĩ,mi4
渾,Hồn,hon2
湃,Phái,fa:j5
湄,Mi,mi1
湅,Luyện,lwien6
湊,Thấu,t'ɤw5
湌,Xan,sa:n1
湍,Thoan,t'wa:n1
湎,Miện,mien6
湑,Tư,tɯ1
湓,Bồn,bon2
湔,Tiên,tien1
湖,Hồ,ho2
湘,Tương,tɯɤŋ1
湛,Đam,da:m1
湛,Trạm,tʂa:m6
湜,Thực,t'ɯk8
湞,Trinh,tʂiɲ1
湟,Hoàng,hwan:ŋ2
湩,Chúng,tʂuŋ5
湫,Tưu,tɯw1
湫,Tiểu,tiew3
湮,Yên,ien1
湯,Sương,ʂɯɤŋ1
湯,Thang,t'a:ŋ1
湯,Thãng,t'a:ŋ4
湲,Viên,vien1
溉,Cái,ka:j5
溲,Sưu,ʂɯw1
溲,Sửu,ʂɯw3
滁,Trừ,tʂɯ2
滋,Tư,tɯ1
滑,Cốt,kot7
滑,Hoạt,hwa:t8
焚,Phần,fɤn2
焜,Hỗn,hon4
焠,Thối,t'oj5
無,Vô,vo1
焦,Tiêu,tiew1
焮,Hân,hɤn1
焰,Diệm,ziem6
焱,Diễm,ziem4
然,Nhiên,ɲien1
煮,Chử,tʂɯ3
為,Vi,vi1
為,Vị,vi6
爺,Gia,ʑa:1
牋,Tiên,tien1
牌,Bài,ba:j2
牚,Xanh,sa:ɲ1
犀,Tê,te1
犂,Lê,le1
犇,Bôn,bon1
犍,Kiền,kien2
猢,Hồ,ho2
猥,Ổi,oj3
猩,Tinh,tiɲ1
猱,Nhu,ɲu1
猴,Hầu,hɤw2
猶,Do,zɔ1
猶,Dứu,zɯw5
猾,Hoạt,hwa:t8
獀,Sưu,ʂɯw1
珷,Vũ,vu4
琖,Trản,tʂa:n3
琚,Cư,kɯ1
琛,Sâm,ʂɤm1
琢,Trác,tʂa:k7
琤,Tranh,tʂa:ɲ1
琥,Hổ,ho3
琦,Kì,ki2
琨,Côn,kon1
琪,Kì,ki2
琫,Bổng,boŋ3
琬,Uyển,wien3
琮,Tông,toŋ1
琯,Quản,kwa:n3
琰,Diễm,ziem4
琲,Bội,boj6
琳,Lâm,lɤm1
琴,Cầm,kɤm2
琵,Tì,ti2
琶,Bà,ba:2
瑛,Anh,a:ɲ1
瑯,Lang,la:ŋ1
瓿,Phẫu,fɤw4
甥,Sanh,ʂa:ɲ1
甯,Nịnh,niɲ6
番,Phiên,fien1
番,Phan,fa:n1
畫,Họa,hwa:6
畫,Hoạch,hwa:ʧ8
畬,Dư,zɯ1
畮,Mẫu,mɤw4
畯,Tuấn,twɤn5
疏,Sơ,ʂɤ:1
疏,Sớ,ʂɤ:5
痗,Mội,moj6
痙,Kinh,kiɲ1
痛,Thống,t'oŋ5
痞,Bĩ,bi4
痟,Tiêu,tiew1
痠,Toan,twa:n1
痡,Phô,fo1
痢,Lị,li6
痣,Chí,tʂi5
痤,Tọa,twa:6
痾,Kha,xa:1
登,Đăng,daŋ1
發,Phát,fa:t7
皓,Hạo,ha:w6
皖,Hoàn,hwa:n2
皴,Thuân,t'wɤn1
盜,Đạo,da:w6
睂,Mi,mi1
睅,Hạn,ha:n6
睆,Hoản,hwa:n3
睇,Thê,t'e1
睊,Quyến,kwien5
睍,Hiển,hien3
睎,Hi,hi1
矞,Duật,zuɤt8
矟,Sác,ʂa:k7
矬,Tọa,twa:6
短,Đoản,dwa:n3
硜,Khanh,xa:ɲ1
硝,Tiêu,tiew1
硨,Xa,sa:1
硫,Lưu,lɯw1
硬,Ngạnh,ŋa:ɲ6
硯,Nghiễn,ŋien4
祺,Kì,ki2
祼,Quán,kwa:n5
祿,Lộc,lok8
禍,Họa,hwa:6
禽,Cầm,kɤm2
稀,Hi,hi1
稂,Lang,la:ŋ1
稃,Phù,fu2
稅,Thuế,t'we5
稈,Cán,ka:n5
稊,Đề,de2
程,Trình,tʂiɲ2
稌,Đồ,do2
稍,Sao,ʂa:w1
窖,Diếu,ziew5
窗,Song,ʂɔŋ1
窘,Quẫn,kwɤn4
竢,Sĩ,ʂi4
竣,Thuân,t'wɤn1
童,Đồng,doŋ2
竦,Tủng,tuŋ3
筅,Tiển,tien3
筆,Bút,but7
等,Đẳng,daŋ3
筋,Cân,kɤn1
筌,Thuyên,t'wien1
筍,Tuẩn,twɤn3
筏,Phiệt,fiet8
筐,Khuông,xuoŋ1
筑,Trúc,tʂuk7
筒,Đồng,doŋ2
筓,Kê,ke1
答,Đáp,da:p7
策,Sách,ʂa:ʧ7
筥,Cử,kɯ3
筳,Đình,diɲ2
筵,Diên,zien1
粞,Tê,te1
粟,Túc,tuk7
粢,Tư,tɯ1
粥,Dục,zuk8
粥,Chúc,tʂuk7
紫,Tử,tɯ3
結,Kết,ket7
絕,Tuyệt,twiet8
絛,Thao,t'a:w1
絜,Khiết,xiep7
絜,Hiệt,hiet8
絝,Khố,ko5
絞,Giảo,ʑa:w3
絡,Lạc,la:k8
絢,Huyến,hwien5
給,Cấp,kɤp7
絨,Nhung,ɲuŋ1
絪,Nhân,ɲɤn1
絫,Lũy,lwi4
絮,Nhứ,ɲɯ5
絰,Điệt,diet8
統,Thống,t'oŋ5
絲,Ti,ti1
絳,Giáng,ʑa:ŋ5
缾,Bình,biɲ2
罥,Quyến,kwien5
罦,Phù,fu2
翔,Tường,tɯɤŋ2
翕,Hấp,hɤp7
翛,Tiêu,tiew1
耋,Điệt,diet8
聒,Quát,kwa:t7
胔,Tí,ti5
胾,Chí,tʂi5
脹,Trướng,tʂɯɤŋ5
脾,Tì,ti2
腆,Thiển,t'ien3
腋,Dịch,ziʧ8
腌,Yêm,iem1
腎,Thận,t'ɤn6
腑,Phủ,fu3
腓,Phì,fi2
腔,Xoang,swa:ŋ1
腕,Oản,wa:n3
腱,Kiện,kien6
腴,Du,zu1
舄,Tích,tiʧ7
舒,Thư,t'ɯ1
舜,Thuấn,t'wɤn5
艇,Đĩnh,diɲ4
萩,Thu,t'u1
萬,Vạn,va:n6
萱,Huyên,hwien1
萹,Phiên,fien1
萼,Ngạc,ŋa:k8
落,Lạc,la:k8
葆,Bảo,ba:w3
葉,Diệp,ziep8
葉,Diếp,ziep7
葑,Phong,fɔŋ1
葖,Đột,dot8
葘,Tai,ta:j1
葘,Truy,tʂwi1
葙,Tương,tɯɤŋ1
葚,Thậm,t'ɤm6
葛,Cát,ka:t7
董,Đổng,doŋ3
葦,Vĩ,vi4
葩,Ba,ba:1
葫,Hồ,ho2
葬,Táng,ta:ŋ5
葭,Gia,ʑa:1
葯,Ước,ɯɤk7
葱,Thông,t'oŋ1
葳,Uy,wi1
葵,Quỳ,kwi2
葶,Đình,diɲ2
葷,Huân,hwɤn1
葸,Tỉ,ti3
葹,Thi,t'i1
葺,Tập,tɤp8
蒂,Đế,de5
蒐,Sưu,ʂɯw1
蓇,Cốt,kot7
蓱,Bình,biɲ2
虛,Hư,hu1
蛑,Mâu,mɤw1
蛔,Hồi,hoj2
蛕,Hồi,hoj2
蛘,Dạng,za:ŋ6
蛙,Oa,wa:1
蛛,Chu,tʂu1
蛞,Khoát,xwa:t7
蛟,Giao,ʑa:w1
蛤,Cáp,ka:p7
蛩,Cung,kuŋ1
蛭,Điệt,diet8
蜑,Đản,da:n3
蜒,Diên,zien1
蜓,Đình,diɲ2
衆,Chúng,tʂuŋ5
衇,Mạch,ma:ʧ8
衕,Đồng,doŋ2
衖,Hạng,ha:ŋ6
街,Nhai,ɲa:j1
裁,Tài,ta:j2
裂,Liệt,liet8
裋,Thụ,t'u6
裎,Trình,tʂiɲ2
裒,Bầu,bɤw2
裕,Dụ,zu6
裙,Quần,kwɤn2
補,Bổ,bo3
覃,Đàm,da:m2
覘,Chiêm,tʂiem1
觚,Cô,ko1
觝,Để,de3
訴,Tố,to5
訶,Ha,ha:1
診,Chẩn,tʂɤn3
註,Chú,tʂu5
証,Chứng,tʂɯŋ5
詁,Cổ,ko3
詆,Để,de3
詈,Lị,li6
詐,Trá,tʂa5
詒,Di,zi1
詔,Chiếu,tʂiew5
評,Bình,biɲ2
詖,Bí,bi5
詗,Huýnh,hwiɲ5
詘,Truất,tʂwɤt7
詛,Trớ,tʂɤ:5
詞,Từ,tɯ2
詠,Vịnh,viɲ6
貂,Điêu,diew1
貯,Trữ,tʂɯ4
貰,Thế,t'e5
貳,Nhị,ɲi6
貴,Quý,kwi5
買,Mãi,ma:j4
貸,Thải,t'a:j3
貺,Huống,huoŋ5
費,Phí,fi5
貼,Thiếp,t'iep7
貽,Di,zi1
貿,Mậu,mɤw6
賀,Hạ,ha:6
賁,Phần,fɤn2
賁,Bôn,bon1
賁,Bí,bi5
赓,Canh,ka:ɲ1
趁,Sấn,ʂɤn5
趄,Thư,t'ɯ1
超,Siêu,ʂiew1
越,Việt,viet8
跅,Thác,t'a:k7
跋,Bạt,ba:t8
跌,Điệt,diet8
跎,Đà,da:2
跏,Già,ʑa:2
跑,Bào,ba:w2
跕,Thiếp,t'iep7
跖,Chích,tʂiʧ7
跗,Phụ,fu6
跚,San,ʂa:n1
跛,Bả,ba:3
跛,Bí,bi5
軨,Linh,liɲ1
軫,Chẩn,tʂɤn3
軱,Cô,ko1
軶,Ách,a:ʧ7
軸,Trục,tʂuk8
軹,Chỉ,tʂi3
軺,Diêu,ziew1
軻,Kha,xa:1
軼,Dật,zɤt8
軼,Điệt,diet8
辜,Cô,ko1
辝,Từ,tɯ2
逼,Bức,bɯk7
逾,Du,zu1
遁,Độn,don6
遂,Toại,twa:j6
遄,Thuyên,t'wien1
遇,Ngộ,ŋo6
遉,Trình,tʂiɲ2
遊,Du,zu1
運,Vận,vɤn6
遌,Ngạc,ŋa:k8
遍,Biến,bien5
遏,Át,a:t7
遐,Hà,ha:2
遑,Hoàng,hwan:ŋ2
遒,Tù,tu2
道,Đạo,da:w6
達,Đạt,da:t8
違,Vi,vi1
鄏,Nhục,ɲuk8
鄒,Trâu,tʂɤw1
鄔,Ổ,o3
鄖,Vân,vɤn1
酡,Đà,da:2
酢,Tạc,ta:k8
酣,Hàm,ha:m2
酤,Cô,ko1
酥,Tô,to1
釉,Dứu,zɯw5
量,Lương,lɯɤŋ1
量,Lượng,lɯɤŋ6
鈀,Ba,ba:1
鈇,Phu,fu1
鈉,Nột,not8
鈌,Quyết,kwiet7
鈍,Độn,don6
鈐,Kiềm,kiem2
鈔,Sao,ʂa:w1
鈕,Nữu,nɯw4
鈞,Quân,kwɤn1
鉅,Cự,kɯ6
開,Khai,xa:j1
閎,Hoành,hwa:ɲ2
閏,Nhuận,ɲwɤn6
閑,Nhàn,ɲa:n2
閒,Nhàn,ɲa:n2
閒,Gián,ʑa:n5
閔,Mẫn,mɤn4
隔,Cách,ka:ʧ7
隕,Vẫn,vɤn4
隖,Ổ,o3
隘,Ải,a:j3
隙,Khích,xiʧ7
雁,Nhạn,ɲa:n6
雄,Hùng,huŋ2
雅,Nhã,ɲa:4
集,Tập,tɤp8
雇,Cố,ko5
雋,Tuyển,twien3
雯,Văn,van1
雰,Phân,fɤn1
雱,Bàng,ba:ŋ2
雲,Vân,vɤn1
靮,Đích,diʧ7
韌,Nhận,ɲɤn6
項,Hạng,ha:ŋ6
順,Thuận,t'wɤn6
頇,Han,ha:n1
須,Tu,tu1
飧,Tôn,ton1
飩,Đồn,don2
飪,Nhẫm,ɲɤm4
飫,Ứ,ɯ5
飭,Sức,ʂɯk7
飯,Phãn,fa:n4
飯,Phạn,fa:n6
飲,Ẩm,ɤm3
飲,Ấm,ɤm5
馭,Ngự,ŋɯ6
馮,Phùng,fuŋ2
馮,Bằng,baŋ2
骫,Ủy,wi3
骭,Cán,ka:n5
黍,Thử,t'ɯ3
黑,Hắc,hak7
黹,Chỉ,tʂi3
鼎,Đỉnh,diɲ3
亂,Loạn,lwa:n6
亶,Đản,da:n3
催,Thôi,t'oj1
傭,Dong,zɔŋ1
傯,Tổng,toŋ3
傳,Truyền,tʂwien2
傳,Truyện,tʂwien6
傳,Truyến,tʂwien5
傴,Ủ,u3
債,Trái,tʂa:j5
傷,Thương,t'ɯɤŋ1
傺,Sế,ʂe5
傻,Sọa,ʂwa:6
傾,Khuynh,xwiɲ1
僂,Lũ,lu4
僅,Cận,kɤn6
僇,Lục,luk8
僉,Thiêm,t'iem1
像,Tượng,tɯɤŋ6
剸,Chuyên,tʂwien1
剸,Chuyển,tʂwien3
剺,Li,li1
剽,Phiếu,fiew5
剿,Tiễu,tiew4
勠,Lục,luk8
勢,Thế,t'e5
勣,Tích,tiʧ7
勤,Cần,kɤn2
勦,Tiễu,tiew4
匯,Hối,hoj5
嗁,Đề,de2
嗃,Hao,ha:w1
嗃,Hạc,ha:k8
嗄,Hạ,ha:6
嗄,Sá,ʂa:5
嗅,Khứu,xɯw5
嗇,Sắc,ʂak7
嗉,Tố,to5
嗌,Ách,a:ʧ7
嗑,Hạp,ha:p8
嗒,Tháp,t'a:p7
嗔,Sân,ʂɤn1
嗔,Điền,dien2
嗚,Ô,o1
嗛,Khiểm,xiem3
嗜,Thị,t'i6
嗣,Tự,tɯ6
嗤,Xuy,swi1
嗥,Hào,ha:w2
嗷,Ngao,ŋa:w1
嗸,Ngao,ŋa:w1
嘩,Hoa,hwa:1
園,Viên,vien1
圓,Viên,vien1
塋,Doanh,zwa:ɲ1
塍,Thăng,t'aŋ1
塏,Khải,xa:j3
塑,Tố,to5
塒,Thì,t'i2
塗,Đồ,do2
塘,Đường,dɯɤŋ2
塚,Trủng,tʂuŋ3
塞,Tắc,tak7
塞,Tái,ta:j5
塢,Ổ,o3
塤,Huân,hwɤn1
填,Điền,dien2
墓,Mộ,mo6
壼,Khổn,xon3
夢,Mộng,moŋ6
媲,Bễ,be4
媵,Dắng,zaŋ5
媸,Xuy,swi1
媼,Ảo,a:w3
媽,Ma,ma:1
媾,Cấu,kɤw5
嫁,Giá,ʑa:5
嫄,Nguyên,ŋwien1
嫉,Tật,tɤt8
嫋,Niệu,niew6
嫌,Hiềm,hiem2
嫫,Mô,mo1
嬋,Thiền,t'ien2
寘,Trí,tʂi5
寞,Mịch,miʧ8
尟,Tiển,tien3
尲,Giam,ʑa:m1
嵩,Tung,tuŋ1
幌,Hoảng,hwan:ŋ3
幕,Mạc,ma:k8
幹,Cán,ka:n5
廈,Hạ,ha:6
廉,Liêm,liem1
廌,Trĩ,tʂi4
廌,Trãi,tʂa:j4
廓,Khuếch,xweʧ7
廕,Ấm,ɤm5
弒,Thí,t'i5
彀,Cấu,kɤw5
彙,Vị,vi6
徬,Bạng,ba:ŋ6
微,Vi,vi1
徯,Hề,he2
想,Tưởng,tɯɤŋ3
愁,Sầu,ʂɤw2
愆,Khiên,xien1
愈,Dũ,zu4
愍,Mẫn,mɤn4
意,Ý,i5
愚,Ngu,ŋu1
愛,Ái,a:j5
感,Cảm,ka:m3
愴,Sảng,ʂa:ŋ3
愷,Khải,xa:j3
愾,Hi,hi1
愾,Khái,xa:j5
慄,Lật,lɤt8
慆,Thao,t'a:w1
慈,Từ,tɯ2
慊,Khiểm,xiem3
慍,Uấn,wɤn5
慎,Thận,t'ɤn6
慥,Tháo,t'a:w5
揅,Nghiên,ŋien1
揫,Thu,t'u1
搆,Cấu,kɤw5
搉,Giác,ʑa:k7
搉,Xác,sa:k7
搊,Xâu,sɤw1
損,Tổn,ton3
搏,Bác,ba:k7
搒,Bang,ba:ŋ1
搕,Khạp,xa:p8
搖,Dao,za:w1
搗,Đảo,da:w3
搢,Tấn,tɤn5
搤,Ách,a:ʧ7
搦,Nạch,na:ʧ8
搨,Tháp,t'a:p7
搪,Đường,dɯɤŋ2
搲,Oa,wa:1
搵,Uấn,wɤn5
搶,Thương,t'ɯɤŋ1
搶,Thưởng,t'ɯɤŋ3
携,Huề,hwe2
摛,Si,ʂi1
摸,Mạc,ma:k8
摸,Mô,mo1
敭,Dương,zɯɤŋ1
斒,Ban,ba:n1
斟,Châm,tʂɤm1
新,Tân,tɤn1
旒,Lưu,lɯw1
旓,Sao,ʂa:w1
暄,Huyên,hwien1
暇,Hạ,ha:6
暈,Vựng,vɯŋ6
暉,Huy,hwi1
暋,Mẫn,mɤn4
暍,Yết,iet7
暍,Hát,ha:t7
暖,Noãn,nwa:n4
暗,Ám,a:m5
暘,Dương,zɯɤŋ1
會,Hội,hoj6
會,Cối,koi5
椳,Ôi,oj1
椶,Tông,toŋ1
椷,Giam,ʑa:m1
椷,Hàm,ha:m2
椸,Di,zi1
椹,Châm,tʂɤm1
椽,Chuyên,tʂwien1
椿,Xuân,swɤn1
楂,Tra,tʂa1
楄,Biên,bien1
楊,Dương,zɯɤŋ1
楓,Phong,fɔŋ1
楔,Tiết,tiet7
楘,Mộc,mok8
楙,Mậu,mɤw6
楚,Sở,ʂɤ:3
楝,Luyện,lwien6
楞,Lăng,laŋ1
楠,Nam,na:m1
楢,Do,zɔ1
楣,Mi,mi1
楦,Tuyên,twien1
楨,Trinh,tʂiɲ1
楫,Tiếp,tiep7
楬,Kiệt,kiet8
業,Nghiệp,ŋiep8
楯,Thuẫn,t'wɤn4
楷,Giai,ʑa:j1
楷,Khải,xa:j3
楸,Thu,t'u1
楹,Doanh,zwa:ɲ1
概,Khái,xa:j5
榆,Du,zu1
榘,Củ,ku3
榾,Cốt,kot7
槌,Chùy,tʂwi2
槎,Tra,tʂa1
槐,Hòe,hwɛ2
歃,Sáp,ʂa:p7
歆,Hâm,hɤm1
歇,Hiết,hiet7
歈,Du,zu1
歌,Ca,ka:1
歱,Chủng,tʂuŋ3
歲,Tuế,twe5
殿,Điện,dien6
毀,Hủy,hwi3
毹,Du,zu1
溏,Đường,dɯɤŋ2
源,Nguyên,ŋwien1
準,Chuẩn,tʂwɤn3
溘,Khạp,xa:p8
溝,Câu,kɤw1
溟,Minh,miɲ1
溢,Dật,zɤt8
溥,Phổ,fo3
溧,Lật,lɤt8
溪,Khê,xe1
溫,Ôn,on1
溯,Tố,to5
溱,Trăn,tʂan1
溶,Dong,zɔŋ1
溷,Hỗn,hon4
溺,Nịch,niʧ8
溼,Thấp,t'ɤp7
溽,Nhục,ɲuk8
滂,Bàng,ba:ŋ2
滃,Ổng,oŋ3
滄,Thương,t'ɯɤŋ1
滅,Diệt,ziet8
滇,Điền,dien2
滈,Hao,ha:w1
滉,Hoảng,hwan:ŋ3
滌,Địch,diʧ8
滏,Phũ,fu4
滓,Chỉ,tʂi3
滔,Thao,t'a:w1
漓,Li,li1
漠,Mạc,ma:k8
漣,Liên,lien1
煆,Hạ,ha:6
煉,Luyện,lwien6
煌,Hoàng,hwan:ŋ2
煎,Tiên,tien1
煏,Phức,fɯk7
煒,Vĩ,vi4
煖,Huyên,hwien1
煖,Noãn,nwa:n4
煙,Yên,ien1
煜,Dục,zuk8
煞,Sát,ʂa:t7
煠,Diếp,ziep7
煠,Sáp,ʂa:p7
煢,Quỳnh,kwiɲ2
煤,Môi,moj1
煥,Hoán,hwa:n5
煦,Hú,hu5
照,Chiếu,tʂiew5
煨,Ổi,oj3
煩,Phiền,fien2
煬,Dương,zɯɤŋ1
煬,Dượng,zɯɤŋ6
牏,Du,zu1
牐,Sáp,ʂa:p7
牒,Điệp,diep8
犎,Phong,fɔŋ1
猷,Du,zu1
猺,Dao,za:w1
猻,Tôn,ton1
猿,Viên,vien1
獅,Sư,ʂɯ1
獒,Ngao,ŋa:w1
琿,Hồn,hon2
瑀,Vũ,vu4
瑁,Mội,moj6
瑁,Mạo,ma:w6
瑄,Tuyên,twien1
瑋,Vĩ,vi4
瑑,Triện,tʂien6
瑕,Hà,ha:2
瑗,Viện,vien6
瑙,Não,na:w4
瑚,Hồ,ho2
瑚,Hô,ho1
瑜,Du,zu1
瑞,Thụy,t'wi6
瑟,Sắt,ʂat5
瑰,Khôi,xoj1
瑰,Côi,koi1
甃,Trứu,tʂɯw5
甄,Chân,tʂɤn1
當,Đang,da:ŋ1
當,Đáng,da:ŋ5
畸,Ki,ki1
畹,Uyển,wien3
痰,Đàm,da:m2
痱,Phỉ,fi3
痲,Ma,ma:1
痳,Lâm,lɤm1
痴,Si,ʂi1
痹,Tí,ti5
痼,Cố,ko5
痿,Nuy,nwi1
瘀,Ứ,ɯ5
瘁,Tụy,twi6
瘃,Chúc,tʂuk7
瘏,Đồ,do2
皙,Tích,tiʧ7
盞,Trản,tʂa:n3
盟,Minh,miɲ1
睚,Nhai,ɲa:j1
睛,Tinh,tiɲ1
睜,Tĩnh,tiɲ4
睞,Lãi,la:j4
睟,Túy,twi5
睡,Thụy,t'wi6
睢,Tuy,twi1
督,Đốc,dok7
睥,Bễ,be4
睦,Mục,muk8
睨,Nghễ,ŋe4
睪,Dịch,ziʧ8
睫,Tiệp,tiep8
睬,Thải,t'a:j3
睹,Đổ,do3
矮,Ải,a:j3
碇,Đĩnh,diɲ4
碌,Lục,luk8
碍,Ngại,ŋa:j6
碎,Toái,twa:j5
碑,Bi,bi1
碓,Đối,doj5
碔,Vũ,vu4
碗,Oản,wa:n3
碛,Thích,t'iʧ7
禁,Câm,kɤm1
禁,Cấm,kɤm5
禊,Hễ,he4
禋,Nhân,ɲɤn1
禎,Trinh,tʂiɲ1
福,Phúc,fuk7
禔,Đề,de2
禕,Y,i1
禖,Môi,moj1
禘,Đế,de5
稔,Nhẫm,ɲɤm4
稗,Bại,ba:j6
稚,Trĩ,tʂi4
稜,Lăng,laŋ1
稞,Khoa,xwa:1
稟,Bẩm,bɤm3
稠,Trù,tʂu2
窞,Đạm,da:m6
窟,Quật,kwɤt8
窠,Khoa,xwa:1
窣,Tốt,tot7
窩,Oa,wa:1
竪,Thụ,t'u6
筠,Quân,kwɤn1
筤,Lang,la:ŋ1
筦,Quản,kwa:n3
筧,Kiển,kien3
筩,Đồng,doŋ2
筭,Toán,twa:n5
筮,Thệ,t'e6
筯,Trợ,tʂɤ:6
筰,Tạc,ta:k8
筱,Tiểu,tiew3
筲,Sao,ʂa:w1
筴,Sách,ʂa:ʧ7
筴,Giáp,ʑa:p7
節,Tiết,tiet7
粮,Lương,lɯɤŋ1
粰,Phu,fu1
粱,Lương,lɯɤŋ1
粲,Xán,sa:n5
粳,Canh,ka:ɲ1
粵,Việt,viet8
絹,Quyên,kwien1
絺,Hi,hi1
綃,Tiêu,tiew1
綆,Cảnh,ka:ɲ3
綈,Đề,de2
綌,Khích,xiʧ7
綍,Phất,fɤt7
綏,Tuy,twi1
經,Kinh,kiɲ1
罨,Yểm,iem3
罩,Tráo,tʂa:w5
罪,Tội,toj6
罭,Vực,vɯk8
置,Trí,tʂi5
署,Thự,t'ɯ6
羣,Quần,kwɤn2
羨,Tiện,tien6
義,Nghĩa,ŋie4
耡,Sừ,ʂɯ2
聖,Thánh,t'a:ɲ5
聘,Sính,ʂiɲ5
肄,Dị,zi6
肅,Túc,tuk7
肆,Tứ,tɯ5
腠,Thấu,t'ɤw5
腥,Tinh,tiɲ1
腦,Não,na:w4
腩,Nạm,na:m6
腫,Thũng,t'uŋ4
腮,Tai,ta:j1
腯,Đột,dot8
腰,Yêu,iew1
腳,Cước,kɯɤk7
腷,Phức,fɯk7
腸,Tràng,tʂa:ŋ2
腹,Phúc,fuk7
腿,Thối,t'oj5
舅,Cữu,kɯw4
與,Dư,zɯ1
與,Dữ,zɯ4
與,Dự,zɯ6
蒓,Thuần,t'wɤn2
蒔,Thì,t'i2
蒙,Mông,moŋ1
蒜,Toán,twa:n5
蒞,Lị,li6
蒟,Củ,ku3
蒡,Bàng,ba:ŋ2
蒡,Báng,ba:ŋ5
蒨,Thiến,t'ien5
蒯,Khoái,xwa:j5
蒱,Bồ,bo2
蒲,Bồ,bo2
蒴,Sóc,ʂɔk7
蒸,Chưng,tʂɯŋ1
蒹,Kiêm,kiem1
蒺,Tật,tɤt8
蒻,Nhược,ɲɯɤk8
蒼,Thương,t'ɯɤŋ1
蒿,Hao,ha:w1
蓀,Tôn,ton1
蓁,Trăn,tʂan1
蓂,Minh,miɲ1
蓄,Súc,ʂuk7
蓆,Tịch,tiʧ8
蓉,Dung,zuŋ1
蓊,Ống,oŋ5
蓋,Cái,ka:j5
蓍,Thi,t'i1
蓏,Lỏa,lwa:3
蓐,Nhục,ɲuk8
蓑,Toa,twa:1
蓓,Bội,boj6
蓧,Điệu,diew6
蓬,Bồng,boŋ2
蓮,Liên,lien1
蓽,Tất,tɤt7
蔭,Ấm,ɤm5
虜,Lỗ,lo4
虞,Ngu,ŋu1
號,Hào,ha:w2
號,Hiệu,hiew6
虡,Cự,kɯ6
蛸,Sao,ʂa:w1
蛹,Dũng,zuŋ4
蛺,Kiệp,kiep8
蛻,Thuế,t'we5
蛾,Nga,ŋa:1
蜂,Phong,fɔŋ1
蜃,Thận,t'ɤn6
蜆,Hiện,hien6
蜇,Triết,tʂiet7
蜈,Ngô,ŋo1
蜉,Phù,fu2
蜊,Lị,li6
蜍,Thừ,t'ɯ2
蜎,Quyên,kwien1
蜣,Khương,xɯɤŋ1
蝆,Dạng,za:ŋ6
衙,Nha,ɲa:1
裏,Lí,li5
裔,Duệ,zwe6
裘,Cừu,kɯw2
裛,Ấp,ɤp7
裝,Trang,tʂa:ŋ1
裟,Sa,ʂa:1
裨,Bì,bi2
裨,Tì,ti2
裯,Chù,tʂu2
裰,Xuyết,swiet7
裱,Phiếu,fiew5
裸,Lõa,lwa:4
裼,Tích,tiʧ7
裾,Cư,kɯ1
褂,Quái,kwa:j5
褚,Trử,tʂɯ3
覜,Thiếu,t'iew5
觜,Tủy,twi3
觜,Tuy,twi1
解,Giải,ʑa:j3
觥,Quang,kwa:ŋ1
訾,Tí,ti5
詡,Hủ,hu3
詢,Tuân,twɤn1
詣,Nghệ,ŋe6
試,Thí,t'i5
詩,Thi,t'i1
詫,Sá,ʂa:5
詬,Cấu,kɤw5
詭,Quỷ,kwi3
詮,Thuyên,t'wien1
詰,Cật,kɤt8
話,Thoại,t'wa:j6
該,Cai,ka:j1
詳,Tường,tɯɤŋ2
詵,Sân,ʂɤn1
詹,Chiêm,tʂiem1
詼,Khôi,xoj1
詾,Hung,huŋ1
詿,Quái,kwa:j5
誄,Lụy,lwi6
誅,Tru,tʂu1
誆,Cuống,kuoŋ5
誇,Khoa,xwa:1
誕,Đản,da:n3
誠,Thành,t'a:ɲ2
豢,Hoạn,hwa:n6
貅,Hưu,hɯw1
貉,Hạc,ha:k8
貉,Hạc,ha:k8
貲,Ti,ti1
賂,Lộ,lo6
賃,Nhẫm,ɲɤm4
賄,Hối,hoj5
賅,Cai,ka:j1
資,Tư,tɯ1
賈,Cổ,ko3
賈,Giả,ʑa:3
賈,Giá,ʑa:5
賊,Tặc,tak8
赩,Hách,ha:ʧ7
趍,Xu,su1
趑,Tư,tɯ1
跟,Căn,kan1
跡,Tích,tiʧ7
跣,Tiển,tien3
跤,Giao,ʑa:w1
跦,Trù,tʂu2
跧,Thuyên,t'wien1
跨,Khóa,xwa:5
跪,Quỵ,kwi6
跫,Cung,kuŋ1
跬,Khuể,xwe3
路,Lộ,lo6
跰,Biền,bien2
跲,Cấp,kɤp7
跳,Khiêu,xiew1
躳,Cung,kuŋ1
軾,Thức,t'ɯk7
輀,Nhi,ɲi1
較,Giảo,ʑa:w3
輅,Lộ,lo6
輇,Thuyên,t'wien1
輈,Chu,tʂu1
載,Tái,ta:j5
載,Tải,ta:j3
輊,Chí,tʂi5
辟,Tịch,tiʧ8
辟,Bích,biʧ7
辟,Phích,fiʧ7
辠,Tội,toj6
農,Nông,noŋ1
遘,Cấu,kɤw5
遙,Dao,za:w1
遛,Lưu,lɯw1
遜,Tốn,ton5
遝,Đạp,da:p8
遞,Đệ,de6
遠,Viễn,vien4
遡,Tố,to5
遢,Tháp,t'a:p7
遣,Khiển,xien3
遨,Ngao,ŋa:w1
鄘,Dong,zɔŋ1
鄙,Bỉ,bi3
鄜,Phu,fu1
鄞,Ngân,ŋɤn1
鄠,Hộ,ho6
鄢,Yên,ien1
鄣,Chướng,tʂɯɤŋ5
酩,Mính,miɲ5
酪,Lạc,la:k8
酬,Thù,t'u2
鈴,Linh,liɲ1
鈸,Bạt,ba:t8
鈹,Phi,fi1
鈿,Điền,dien2
鉀,Giáp,ʑa:p7
鉆,Kiềm,kiem2
鉉,Huyễn,hwien4
鉋,Bào,ba:w2
鉏,Sừ,ʂɯ2
鉏,Trở,tʂɤ:3
鉗,Kiềm,kiem2
鉛,Duyên,zwien1
鉞,Việt,viet8
鉢,Bát,ba:t7
鉤,Câu,kɤw1
鉦,Chinh,tʂiɲ1
閘,Áp,a:p7
閟,Bí,bi5
際,Tế,te5
障,Chướng,tʂɯɤŋ5
雉,Trĩ,tʂi4
雊,Cẩu,kɤw3
雍,Ung,uŋ1
雎,Thư,t'ɯ1
零,Linh,liɲ1
雷,Lôi,loj1
雹,Bạc,ba:k8
電,Điện,dien6
靖,Tĩnh,tiɲ4
靳,Cận,kɤn6
靴,Ngoa,ŋwa:1
靶,Bá,ba:5
靷,Dẫn,zɤn4
頊,Húc,huk7
頌,Tụng,tuŋ6
頎,Kì,ki2
頏,Hàng,ha:ŋ2
頏,Kháng,xa:ŋ5
預,Dự,zɯ6
頑,Ngoan,ŋwa:n1
頒,Ban,ba:n1
頓,Đốn,don5
飴,Di,zi1
飼,Tự,tɯ6
飽,Bão,ba:w4
飾,Sức,ʂɯk7
馱,Đà,da:2
馱,Đạ,da:6
馳,Trì,tʂi2
馴,Thuần,t'wɤn2
骯,Khảng,xa:ŋ3
骰,Đầu,dɤw2
骱,Giới,ʑɤ:j5
髡,Khôn,xon1
髢,Thế,t'e5
魁,Khôi,xoj1
魂,Hồn,hon2
鳧,Phù,fu2
鳩,Cưu,kɯw1
麀,Ưu,ɯw1
麂,Kỉ,ki1
黽,Mẫn,mɤn4
黽,Mãnh,ma:ɲ4
鼓,Cổ,ko3
鼠,Thử,t'ɯ3
僊,Tiên,tien1
僎,Soạn,ʂwa:n6
僑,Kiều,kiew2
僕,Bộc,bok8
僖,Hi,hi1
僚,Liêu,liew1
僝,Sàn,ʂa:n2
僞,Ngụy,ŋwi6
僣,Thiết,t'iet7
僥,Nghiêu,ŋiew1
僦,Tựu,tɯw6
僧,Tăng,taŋ1
僨,Phẫn,fɤn4
僩,Giản,ʑa:n3
僬,Tiêu,tiew1
僭,Tiếm,tiem5
僮,Đồng,doŋ2
儆,Cảnh,ka:ɲ3
兢,Căng,kaŋ1
凘,Tư,tɯ1
凳,Đắng,daŋ5
劂,Quyết,kwiet7
劃,Hoạch,hwa:ʧ8
劄,Tráp,tʂa:p7
勩,Duệ,zwe6
匱,Quỹ,kwi4
厭,Yếm,iem5
厲,Lệ,le6
嗽,Thấu,t'ɤw5
嗾,Thốc,t'ot7
嘆,Thán,t'a:n5
嘈,Tào,ta:w2
嘉,Gia,ʑa:1
嘍,Lâu,lɤw1
嘏,Hỗ,ho4
嘐,Hao,ha:w1
嘐,Hao,ha:w1
嘑,Hô,ho1
嘒,Uế,we5
嘓,Quắc,kwak7
嘔,Ẩu,ɤw3
嘖,Sách,ʂa:ʧ7
嘖,Trách,tʂa:ʧ7
嘗,Thường,t'ɯɤŋ2
嘛,Ma,ma:1
噉,Đạm,da:m6
圖,Đồ,do2
團,Đoàn,dwa:n2
塵,Trần,tʂɤn2
塹,Tiệm,tiem6
塾,Thục,t'uk8
塿,Lũ,lu4
墁,Mạn,ma:n6
境,Cảnh,ka:ɲ3
墅,Thự,t'ɯ6
墉,Dong,zɔŋ1
墊,Điếm,diem5
墐,Cận,kɤn6
墜,Trụy,tʂwi6
墮,Huy,hwi1
墮,Đọa,dwa:6
壽,Thọ,t'ɔ6
夤,Dần,zɤn2
夥,Khỏa,xwa:3
奧,Áo,a:w5
奪,Đoạt,dwa:t8
嫖,Phiêu,fiew1
嫗,Ủ,u3
嫚,Mạn,ma:n6
嫠,Li,li1
嫡,Đích,diʧ7
嫣,Yên,ien1
嫩,Nộn,non6
孵,Phu,fu1
察,Sát,ʂa:t7
寡,Quả,qwa:3
寢,Tẩm,tɤm3
寤,Ngụ,ŋu6
寥,Liêu,liew1
實,Thật,t'ɤt8
寧,Ninh,niɲ1
寨,Trại,tʂa:j6
寬,Khoan,xwa:n1
對,Đối,doj5
屢,Lũ,lu4
屣,Tỉ,ti3
嶁,Lũ,lu4
嶂,Chướng,tʂɯɤŋ5
嶄,Tiệm,tiem6
嶇,Khu,xu1
幔,Mạn,ma:n6
幗,Quắc,kwak7
幘,Trách,tʂa:ʧ7
幣,Tệ,te6
廏,Cứu,kɯw5
廑,Cận,kɤn6
廖,Liệu,liew6
廣,Quảng,kwa:ŋ3
弊,Tệ,te6
彄,Khu,xu1
彯,Phiêu,fiew1
彰,Chương,tʂɯɤŋ1
愨,Khác,xa:k7
愬,Tố,to5
愬,Sách,ʂa:ʧ7
愿,Nguyện,ŋwien6
慁,Hỗn,hon4
慂,Dũng,zuŋ4
慇,Ân,ɤn1
態,Thái,t'a:j5
慕,Mộ,mo6
慘,Thảm,t'a:m3
慚,Tàm,ta:m2
慝,Thắc,t'ak7
慞,Chương,tʂɯɤŋ1
慟,Đỗng,doŋ4
慢,Mạn,ma:n6
慣,Quán,kwa:n5
慳,Khan,xa:n1
慴,Điệp,diep8
慵,Dung,zuŋ1
慷,Khảng,xa:ŋ3
憁,Tổng,toŋ3
戩,Tiển,tien3
搴,Khiên,xien1
摑,Quặc,kwak8
摑,Quách,kwa:ʧ7
摘,Trích,tʂiʧ7
摜,Quán,kwa:n5
摟,Lâu,lɤw1
摠,Tổng,toŋ3
摧,Tồi,toj2
摭,Trích,tʂiʧ7
摳,Khu,xu1
摴,Sư,ʂɯ1
摶,Đoàn,dwa:n2
摶,Chuyên,tʂwien1
摺,Triệp,tʂiep8
摽,Phiêu,fiew1
摽,Phiếu,fiew5
撇,Phiết,fiet7
撇,Phiết,fiet7
撦,Xả,sa:3
敲,Xao,sa:w1
斠,Các,ka:k7
斡,Oát,wa:t7
斲,Trác,tʂa:k7
旖,Y,i1
旗,Kì,ki2
暝,Minh,miɲ1
暝,Mính,miɲ5
暢,Sướng,ʂɯɤŋ5
曄,Diệp,ziep8
朅,Khiết,xiep7
榎,Giả,ʑa:3
榑,Phù,fu2
榖,Cốc,kok7
榛,Trăn,tʂan1
榜,Bảng,ba:ŋ3
榤,Kiệt,kiet8
榦,Cán,ka:n5
榧,Phỉ,fi3
榨,Trá,tʂa5
榭,Tạ,ta:6
榮,Vinh,viɲ1
榱,Suy,ʂwi1
榲,Ốt,ot7
榴,Lưu,lɯw1
榷,Giác,ʑa:k7
榻,Tháp,t'a:p7
榼,Khạp,xa:p8
槀,Cảo,ka:w3
槁,Cảo,ka:w3
槃,Bàn,ba:n2
槅,Cách,ka:ʧ7
槊,Sóc,ʂɔk7
構,Cấu,kɤw5
槍,Thương,t'ɯɤŋ1
槍,Sanh,ʂa:ɲ1
槙,Điên,dien1
槨,Quách,kwa:ʧ7
槩,Khái,xa:j5
槭,Túc,tuk7
模,Mô,mo1
樺,Hoa,hwa:1
歉,Khiểm,xiem3
歰,Sáp,ʂa:p7
殞,Vẫn,vɤn4
毓,Dục,zuk8
氳,Uân,wɤn1
滎,Huỳnh,hwiɲ2
滫,Tưu,tɯw1
滬,Hỗ,ho4
滯,Trệ,tʂe6
滲,Sấm,ʂɤm5
滴,Đích,diʧ7
滷,Lỗ,lo4
滸,Hử,hu3
滹,Hô,ho1
滿,Mãn,ma:n4
漁,Ngư,ŋɯ1
漂,Phiêu,fiew1
漂,Phiếu,fiew5
漆,Tất,tɤt7
漉,Lộc,lok8
漊,Lâu,lɤw1
漏,Lậu,lɤw6
演,Diễn,zien4
漕,Tào,ta:w2
漘,Thần,t'ɤn2
漙,Đoàn,dwa:n2
漚,Âu,ɤw1
漚,Ẩu,ɤw3
漢,Hán,ha:n5
漩,Tuyền,twien2
漪,Y,i1
漫,Mạn,ma:n6
漬,Tí,ti5
漯,Tháp,t'a:p7
漱,Sấu,ʂɤw5
漲,Trướng,tʂɯɤŋ5
漲,Trướng,tʂɯɤŋ5
漳,Chương,tʂɯɤŋ1
漵,Tự,tɯ6
漶,Hoán,hwa:n5
漸,Tiêm,tiem1
漸,Tiệm,tiem6
漾,Dạng,za:ŋ6
潢,Hoàng,hwan:ŋ2
煼,Sao,ʂa:w1
煽,Phiến,fien5
熄,Tức,tɯk7
熇,Hốc,hok7
熊,Hùng,huŋ2
熏,Huân,hwɤn1
熒,Huỳnh,hwiɲ2
熙,Hi,hi1
熬,Ngao,ŋa:w1
燁,Diệp,ziep8
爾,Nhĩ,ɲi4
牓,Bảng,ba:ŋ3
犒,Khao,xa:w1
犖,Lạc,la:k8
獃,Ngai,ŋa:j1
獄,Ngục,ŋuk8
獍,Kính,kiɲ5
獐,Chương,tʂɯɤŋ1
瑣,Tỏa,twa:3
瑤,Dao,za:w1
瑱,Chấn,tʂɤn5
瑱,Thiến,t'ien5
瑲,Thương,t'ɯɤŋ1
璃,Li,li1
璉,Liễn,lien4
甍,Manh,ma:ɲ1
畽,Thoản,t'wa:n3
疐,Chí,tʂi5
疑,Nghi,ŋi1
瘉,Dũ,zu4
瘊,Hầu,hɤw2
瘌,Lạt,la:t8
瘍,Dương,zɯɤŋ1
瘓,Hoán,hwa:n5
瘕,Hà,ha:2
瘖,Âm,ɤm1
瘗,Ế,e5
瘥,Ta,ta:1
瘦,Sấu,ʂɤw5
瘧,Ngược,ŋɯɤk8
瘩,Đáp,da:p7
皸,Quân,kwɤn1
盡,Tận,tɤn6
監,Giam,ʑa:m1
監,Giám,ʑa:m5
睺,Hầu,hɤw2
睽,Khuê,xwe1
睿,Duệ,zwe6
瞀,Mậu,mɤw6
瞍,Tẩu,tɤw3
碞,Nham,ɲa:m1
碡,Độc,dok8
碣,Kiệt,kiet8
碧,Bích,biʧ7
碩,Thạc,t'a:k8
碪,Châm,tʂɤm1
碭,Nãng,na:ŋ4
碯,Não,na:w4
磁,Từ,tɯ2
磋,Tha,t'a:1
禡,Mã,ma:4
稭,Giai,ʑa:j1
稭,Kiết,kiet7
種,Chủng,tʂuŋ3
種,Chúng,tʂuŋ5
稱,Xưng,sɯŋ1
稱,Xứng,sɯŋ5
窨,Ấm,ɤm5
窪,Oa,wa:1
窬,Du,zu1
竭,Kiệt,kiet8
箇,Cá,ka:5
箋,Tiên,tien1
箍,Cô,ko1
箎,Trì,tʂi2
箏,Tranh,tʂa:ɲ1
箑,Tiệp,tiep8
箔,Bạc,ba:k8
箕,Ki,ki1
算,Toán,twa:n5
箜,Không,koŋ1
箝,Kiềm,kiem2
箠,Chủy,tʂwi3
管,Quản,kwa:n3
箬,Nhược,ɲɯɤk8
箸,Trứ,tʂɯ5
箸,Trợ,tʂɤ:6
粹,Túy,twi5
粺,Bại,ba:j6
粽,Tống,toŋ5
精,Tinh,tiɲ1
綜,Tống,toŋ5
綠,Lục,luk8
綢,Trù,tʂu2
綣,Quyển,kwien3
綦,Kì,ki2
綫,Tuyến,twien5
綬,Thụ,t'u6
維,Duy,zwi1
綮,Khể,xe3
綯,Đào,da:w2
綰,Oản,wa:n3
綱,Cương,kɯɤŋ1
網,Võng,vɔŋ4
綴,Chuế,tʂwe5
綴,Chuyết,tʂwiet7
綵,Thải,t'a:j3
綷,Túy,twi5
綸,Luân,lwɤn1
綹,Lữu,lɯw4
綺,Khỉ,xi3
綻,Trán,tʂa:n5
綽,Xước,sɯɤk7
綾,Lăng,laŋ1
綿,Miên,mien1
緄,Cổn,kon3
緅,Tưu,tɯw1
緇,Truy,tʂwi1
緉,Lưỡng,lɯɤŋ4
緊,Khẩn,xɤn3
緋,Phi,fi1
緌,Nhuy,ɲwi1
緐,Phồn,fon2
緒,Tự,tɯ6
罰,Phạt,fa:t8
罱,Lãm,la:m4
罳,Ti,ti1
翟,Địch,diʧ8
翟,Trạch,tʂa:ʧ8
翠,Thúy,t'wi5
翡,Phỉ,fi3
翣,Sáp,ʂa:p7
翥,Chứ,tʂɯ5
聚,Tụ,tu6
聞,Văn,van1
聞,Vặn,van6
肇,Triệu,tʂiew6
腐,Hủ,hu3
膀,Bàng,ba:ŋ2
膂,Lữ,lɯ4
膃,Ột,ot8
膆,Tố,to5
膈,Cách,ka:ʧ7
膊,Bác,ba:k7
膋,Liêu,liew1
膏,Cao,ka:w1
膏,Cáo,ka:w5
膜,Mô,mo1
膜,Mạc,ma:k8
臧,Tang,ta:ŋ1
臺,Thai,t'a:j1
舝,Hạt,ha:t8
舞,Vũ,vu4
艋,Mãnh,ma:ɲ4
蓯,Thung,t'uŋ1
蓴,Thuần,t'wɤn2
蓷,Thôi,t'oj1
蓺,Nghệ,ŋe6
蓼,Liệu,liew6
蓼,Lục,luk8
蓿,Túc,tuk7
蔆,Lăng,laŋ1
蔌,Tốc,tok7
蔑,Miệt,miet8
蔓,Mạn,ma:n6
蔔,Bặc,bak8
蔕,Đế,de5
蔗,Giá,ʑa:5
蔘,Sâm,ʂɤm1
蔚,Úy,wi5
蔚,Uất,wɤt7
蔞,Lâu,lɤw1
蔟,Thấu,t'ɤw5
蔟,Thốc,t'ot7
蔠,Chung,tʂuŋ1
蔡,Thái,t'a:j5
蔣,Tưởng,tɯɤŋ3
蔥,Thông,t'oŋ1
蔦,Điểu,diew3
蔪,Tiêm,tiem1
蔻,Khấu,xɤw5
蔽,Tế,te5
蕖,Cừ,kɯ2
薌,Hương,hɯɤŋ1
蜀,Thục,t'uk8
蜘,Tri,tʂi1
蜚,Phỉ,fi3
蜜,Mật,mɤt8
蜞,Kì,ki2
蜢,Mãnh,ma:ɲ4
蜥,Tích,tiʧ7
蜨,Điệp,diep8
蜩,Điêu,diew1
蜮,Vực,vɯk8
蜰,Phì,fi2
蜴,Dịch,ziʧ8
蜷,Quyền,kwien2
蜺,Nghê,ŋe1
蜻,Tinh,tiɲ1
蜼,Dữu,zɯw4
蜾,Quả,qwa:3
蜿,Uyển,wien3
蝀,Đông,doŋ1
蝃,Đế,de5
蝕,Thực,t'ɯk8
蝸,Oa,wa:1
螂,Lang,la:ŋ1
裳,Thường,t'ɯɤŋ2
裴,Bùi,buj2
裹,Quả,qwa:3
製,Chế,tʂe5
複,Phức,fɯk7
褊,Biển,bien3
褌,Côn,kon1
褐,Hạt,ha:t8
褓,Bảo,ba:w3
褘,Huy,hwi1
褞,Ôn,on1
褡,Đáp,da:p7
覡,Hích,hiʧ7
誋,Kị,ki6
誌,Chí,tʂi5
認,Nhận,ɲɤn6
誑,Cuống,kuoŋ5
誓,Thệ,t'e6
誖,Bội,boj6
誘,Dụ,zu6
誚,Tiếu,tiew5
語,Ngữ,ŋɯ4
誡,Giới,ʑɤ:j5
誣,Vu,vu1
誤,Ngộ,ŋo6
誥,Cáo,ka:w5
誦,Tụng,tuŋ6
誨,Hối,hoj5
說,Thuế,t'we5
說,Duyệt,zwiet8
說,Thuyết,t'wiet5
誾,Ngân,ŋɤn1
豨,Hi,hi1
豪,Hào,ha:w2
貌,Mạo,ma:w6
貍,Li,li1
賑,Chẩn,tʂɤn3
賒,Xa,sa:1
賓,Tân,tɤn1
賔,Tân,tɤn1
賕,Cầu,kɤw2
赫,Hách,ha:ʧ7
趕,Cản,ka:n3
趙,Triệu,tʂiew6
跼,Cục,kuk8
跽,Kị,ki6
踁,Hĩnh,hiɲ4
踆,Thuân,t'wɤn1
踈,Sơ,ʂɤ:1
踉,Lương,lɯɤŋ1
踊,Dũng,zuŋ4
輒,Triếp,tʂiep7
輓,Vãn,va:n4
輔,Phụ,fu6
輕,Khinh,xiɲ1
辡,Biện,bien6
辣,Lạt,la:t8
適,Thích,t'iʧ7
適,Đích,diʧ7
遭,Tao,ta:w1
遮,Già,ʑa:2
遯,Độn,don6
遰,Đệ,de6
鄦,Hứa,hɯɤ5
鄧,Đặng,daŋ6
鄭,Trịnh,tʂiɲ6
鄯,Thiện,t'ien6
鄰,Lân,lɤn1
鄱,Bà,ba:2
鄲,Đan,da:n1
酲,Trình,tʂiɲ2
酴,Đồ,do2
酵,Diếu,ziew5
酷,Khốc,xok7
酸,Toan,twa:n1
酹,Lỗi,loj4
酺,Bô,bo1
鉶,Hình,hiɲ2
鉸,Giảo,ʑa:w3
銀,Ngân,ŋɤn1
銃,Súng,ʂuŋ5
銅,Đồng,doŋ2
銎,Khung,xuŋ1
銑,Tiển,tien3
銓,Thuyên,t'wien1
銖,Thù,t'u2
銘,Minh,miɲ1
銚,Diêu,ziew1
銚,Điều,diew2
銛,Tiêm,tiem1
銜,Hàm,ha:m2
鋌,Đĩnh,diɲ4
鋩,Mang,ma:ŋ1
閡,Ngại,ŋa:j6
閣,Các,ka:k7
閤,Cáp,ka:p7
閥,Phiệt,fiet8
閧,Hống,hoŋ5
閨,Khuê,xwe1
閩,Mân,mɤn1
閭,Lư,lɯ1
隤,Đồi,doj2
隧,Toại,twa:j6
隨,Tùy,twi2
隩,Úc,uk7
隩,Áo,a:w5
雌,Thư,t'ɯ1
雒,Lạc,la:k8
需,Nhu,ɲu1
霆,Đình,diɲ2
靺,Mạt,ma:t8
靼,Đát,da:t7
靿,Áo,a:w5
鞀,Đào,da:w2
鞄,Bào,ba:w2
鞄,Bạc,ba:k8
鞅,Ưởng,ɯɤŋ3
韍,Phất,fɤt7
韶,Thiều,t'iew2
頖,Phán,fa:n5
頗,Pha,fa:1
頗,Phả,fa:3
領,Lĩnh,liɲ4
颭,Triển,tʂien3
颯,Táp,ta:p7
餅,Bính,biɲ5
餉,Hướng,hɯɤŋ5
餌,Nhị,ɲi6
馹,Nhật,ɲɤt8
駁,Bác,ba:k7
骳,Bí,bi5
髣,Phảng,fa:ŋ3
髤,Hưu,hɯw1
髦,Mao,ma:w1
魃,Bạt,ba:t8
魄,Thác,t'a:k7
魄,Phách,fa:ʧ7
魅,Mị,mi6
鳲,Thi,t'i1
鳳,Phượng,fɯɤŋ6
鳴,Minh,miɲ1
鳶,Diên,zien1
麼,Ma,ma:1
鼏,Mịch,miʧ8
鼐,Nãi,na:j4
鼻,Tị,ti6
齊,Tề,te2
齒,Xỉ,si3
僵,Cương,kɯɤŋ1
價,Giá,ʑa:5
僻,Tích,tiʧ7
僽,Sậu,ʂɤw6
僾,Ái,a:j5
僿,Tái,ta:j5
儀,Nghi,ŋi1
儁,Tuấn,twɤn5
儂,Nông,noŋ1
億,Ức,ɯk7
儈,Quái,kwa:j5
儉,Kiệm,kiem6
儋,Đam,da:m1
儌,Kiêu,kiew1
冪,Mịch,miʧ8
凙,Đạc,da:k8
凜,Lẫm,lɤm4
劇,Kịch,kiʧ8
劈,Phách,fa:ʧ7
劉,Lưu,lɯw1
劊,Quái,kwa:j5
劌,Quế,kwe5
劍,Kiếm,kiem5
勰,Hiệp,hiep8
匳,Liêm,liem1
嘬,Toát,twa:t7
嘮,Lao,la:w1
嘰,Kỉ,ki3
嘲,Trào,tʂa:w2
嘵,Hiêu,hiew1
嘶,Tê,te1
嘷,Hào,ha:w2
嘹,Liệu,liew6
嘻,Hi,hi1
噂,Tổn,ton3
噍,Tiêu,tiew1
噍,Tưu,tɯw1
噍,Tiếu,tiew5
噎,Ế,e5
噏,Hấp,hɤp7
噓,Hư,hu1
噢,Úc,uk7
噢,Ủ,u3
噴,Phôn,fon1
噴,Phún,fun5
墀,Trì,tʂi2
增,Tăng,taŋ1
墟,Khư,xɯ1
墠,Thiện,t'ien6
墡,Thiện,t'ien6
墦,Phiền,fien2
墨,Mặc,mak8
墩,Đôn,don1
墳,Phần,fɤn2
墳,Phẫn,fɤn4
奭,Thích,t'iʧ7
嫵,Vũ,vu4
嫺,Nhàn,ɲa:n2
嫽,Liêu,liew1
嬃,Tu,tu1
嬈,Nhiễu,ɲiew4
嬉,Hi,hi1
嬌,Kiều,kiew2
審,Thẩm,t'ɤm3
寫,Tả,ta:3
寮,Liêu,liew1
寯,Tuấn,twɤn5
導,Đạo,da:w6
層,Tằng,taŋ2
履,Lí,li5
屧,Tiệp,tiep8
嶒,Tằng,taŋ2
嶓,Ba,ba:1
嶙,Lân,lɤn1
嶝,Đặng,daŋ6
嶠,Kiệu,kiew6
嶢,Nghiêu,ŋiew1
幞,Phốc,fok7
幟,Xí,si5
幡,Phiên,fien1
幢,Tràng,tʂa:ŋ2
廚,Trù,tʂu2
廛,Triền,tʂien2
廝,Tư,tɯ1
廟,Miếu,miew5
廠,Xưởng,sɯɤŋ3
廡,Vũ,vu4
廢,Phế,fe5
彈,Đạn,da:n6
彈,Đàn,da:n2
影,Ảnh,a:ɲ3
徵,Trưng,tʂɯŋ1
徵,Chủy,tʂwi3
德,Đức,dɯk7
徹,Triệt,tʂiet8
慙,Tàm,ta:m2
慧,Huệ,hwe6
慫,Túng,tuŋ5
慮,Lự,lɯ6
慰,Úy,wi5
慶,Khánh,xa:ɲ5
慸,Đế,de5
慼,Thích,t'iʧ7
慾,Dục,zuk8
憂,Ưu,ɯw1
憃,Xuẩn,swɤn3
憍,Kiêu,kiew1
憎,Tăng,taŋ1
憐,Liên,lien1
憒,Hội,hoj6
憔,Tiều,tiew2
憚,Đạn,da:n6
憛,Đàm,da:m2
憤,Phẫn,fɤn4
憧,Sung,ʂuŋ1
憨,Hàm,ha:m2
憫,Mẫn,mɤn4
憬,Cảnh,ka:ɲ3
憮,Vũ,vu4
憯,Thảm,t'a:m3
懂,Đổng,doŋ3
戮,Lục,luk8
摩,Ma,ma:1
摯,Chí,tʂi5
撅,Quyết,kwiet7
撅,Quyệt,kwiet8
撈,Lao,la:w1
撏,Tầm,tɤm2
撓,Nạo,na:w6
撕,Tê,te1
撘,Tháp,t'a:p7
撙,Tỗn,ton4
撚,Niễn,nien4
撞,Chàng,tʂa:ŋ2
撟,Kiểu,kiew3
撣,Đàn,da:n2
撣,Đạn,da:n6
撤,Triệt,tʂiet8
撥,Bát,ba:t7
撩,Liêu,liew1
撫,Phủ,fu3
播,Bá,ba:5
撮,Toát,twa:t7
撰,Soạn,ʂwa:n6
撲,Phốc,fok7
撻,Thát,t'a:t7
擒,Cầm,kɤm2
敵,Địch,diʧ8
敷,Phu,fu1
數,Sổ,ʂo3
數,Số,ʂo5
數,Sác,ʂa:k7
敺,Khu,xu1
敻,Huyến,hwien5
暫,Tạm,ta:m6
暭,Hạo,ha:w6
暮,Mộ,mo6
暱,Nật,nɤt8
暴,Bạo,ba:w6
暴,Bộc,bok8
暵,Hán,ha:n5
暹,Xiêm,siem1
曏,Hướng,hɯɤŋ5
槥,Tuệ,twe6
槧,Tạm,ta:m6
槧,Thiễm,t'iem4
槱,Dửu,zɯw3
槲,Hộc,hok8
槳,Tưởng,tɯɤŋ3
槹,Cao,ka:w1
槽,Tào,ta:w2
槿,Cận,kɤn6
樁,Thung,t'uŋ1
樂,Nhạo,ɲa:w6
樂,Nhạc,ɲa:k8
樂,Lạc,la:k8
樅,Tung,tuŋ1
樊,Phiền,fien2
樓,Lâu,lɤw1
標,Tiêu,tiew1
樛,Cù,ku2
樝,Tra,tʂa1
樞,Xu,su1
樟,Chương,tʂɯɤŋ1
樠,Man,ma:n1
樣,Dạng,za:ŋ6
橄,Cảm,ka:m3
橡,Tượng,tɯɤŋ6
橢,Thỏa,t'wa:3
歎,Thán,t'a:n5
歐,Âu,ɤw1
歔,Hư,hu1
殢,Thế,t'e5
殣,Cận,kɤn6
殤,Thương,t'ɯɤŋ1
毅,Nghị,ŋi6
毆,Ẩu,ɤw3
毿,Tam,ta:m1
氂,Li,li1
滕,Đằng,daŋ2
漿,Tương,tɯɤŋ1
潁,Dĩnh,ziɲ4
潑,Bát,ba:t7
潔,Khiết,xiep7
潘,Phan,fa:n1
潛,Tiềm,tiem2
潟,Tích,tiʧ7
潤,Nhuận,ɲwɤn6
潦,Lạo,la:w6
潭,Đàm,da:m2
潮,Triều,tʂiew2
潯,Tầm,tɤm2
潰,Hội,hoj6
潸,San,ʂa:n1
潺,Sàn,ʂa:n1
潼,Đồng,doŋ2
澁,Sáp,ʂa:p7
澂,Trừng,tʂɯŋ2
澄,Trừng,tʂɯŋ2
澆,Kiêu,kiew1
澇,Lao,la:w1
澇,Lão,la:w4
澇,Lạo,la:w6
澈,Triệt,tʂiet8
澌,Ti,ti1
澍,Chú,tʂu5
澎,Bành,ba:ɲ2
澒,Hống,hoŋ5
澗,Giản,ʑa:n3
澳,Áo,a:w5
澳,Úc,uk7
濆,Phần,fɤn2
熟,Thục,t'uk8
熠,Dập,zɤp8
熨,Úy,wi5
熨,Uất,wɤt7
熯,Hãn,ha:n4
熯,Nhiễn,ɲien4
熱,Nhiệt,ɲiet8
熲,Quýnh,kwiɲ5
牖,Dữu,zɯw4
犛,Li,li1
犛,Mao,ma:w1
獎,Tưởng,tɯɤŋ3
獠,Liêu,liew1
獦,Cát,ka:t7
瑩,Oánh,wa:ɲ5
瑽,Xung,suŋ1
瑾,Cẩn,kɤn3
璀,Thôi,t'oj1
璅,Tỏa,twa:3
璆,Cầu,kɤw2
璇,Tuyền,twien2
璋,Chương,tʂɯɤŋ1
璜,Hoàng,hwan:ŋ2
甌,Âu,ɤw1
甎,Chuyên,tʂwien1
畾,Lôi,loj1
畿,Kì,ki2
瘛,Xiết,siet7
瘝,Quan,kwa:n1
瘞,Ế,e5
瘠,Tích,tiʧ7
瘡,Sang,ʂa:ŋ1
瘢,Ban,ba:n1
瘤,Lựu,lɯw6
瘨,Điên,dien1
瘼,Mạc,ma:k8
皚,Ngai,ŋa:j1
皺,Trứu,tʂɯw5
盤,Bàn,ba:n2
瞋,Sân,ʂɤn1
瞎,Hạt,ha:t8
瞑,Minh,miɲ1
瞢,Măng,maŋ1
確,Xác,sa:k7
碼,Mã,ma:4
碾,Niễn,nien4
磅,Bàng,ba:ŋ2
磅,Bảng,ba:ŋ3
磉,Tảng,ta:ŋ3
磊,Lỗi,loj4
磐,Bàn,ba:n2
磑,Ngại,ŋa:j6
磔,Trách,tʂa:ʧ7
磕,Khái,xa:j5
禩,Tự,tɯ6
稷,Tắc,tak7
稹,Chẩn,tʂɤn3
稺,Trĩ,tʂi4
稻,Đạo,da:w6
稼,Giá,ʑa:5
稽,Kê,ke1
稽,Khể,xe3
稿,Cảo,ka:w3
穀,Cốc,kok7
窮,Cùng,kuŋ2
窯,Diêu,ziew1
窰,Diêu,ziew1
窳,Dũ,zu4
箭,Tiễn,tien4
箯,Tiên,tien1
箱,Tương,tɯɤŋ1
箲,Tiển,tien3
箴,Châm,tʂɤm1
篁,Hoàng,hwan:ŋ2
範,Phạm,fa:m6
篆,Triện,tʂien6
篇,Thiên,t'ien1
篋,Khiếp,xiep7
篌,Hầu,hɤw2
篨,Trừ,tʂɯ2
糅,Nhữu,ɲɯw4
糇,Hầu,hɤw2
糈,Tư,tɯ1
糉,Tống,toŋ5
糊,Hồ,ho2
緗,Tương,tɯɤŋ1
緘,Giam,ʑa:m1
線,Tuyến,twien5
緜,Miên,mien1
緝,Tập,tɤp8
緞,Đoạn,dwa:n6
締,Đế,de5
緡,Mân,mɤn1
緣,Duyên,zwien1
緣,Duyến,zwien5
緤,Tiết,tiet7
緥,Bảo,ba:w3
緦,Ti,ti1
編,Biên,bien1
緩,Hoãn,hwa:n4
緪,Căng,kaŋ1
緬,Miễn,mien4
緯,Vĩ,vi4
練,Luyện,lwien6
緶,Biền,bien2
緹,Đề,de2
縋,Trúy,tʂwi5
罵,Mạ,ma:6
罷,Bì,bi2
罷,Bãi,ba:j4
羯,Yết,iet7
翦,Tiễn,tien4
翩,Phiên,fien1
翫,Ngoạn,ŋwa:n6
翬,Huy,hwi1
耦,Ngẫu,ŋɤw4
膘,Phiêu,fiew1
膚,Phu,fu1
膝,Tất,tɤt7
膞,Thuyền,t'wien2
膠,Giao,ʑa:w1
艘,Sưu,ʂɯw1
艘,Tao,ta:w1
蔬,Sơ,ʂɤ:1
蔾,Lê,le1
蕁,Tầm,tɤm2
蕃,Phiền,fien2
蕃,Phiên,fien1
蕆,Siển,ʂien3
蕈,Khuẩn,xwɤn3
蕉,Tiêu,tiew1
蕊,Nhụy,ɲwi6
蕎,Kiều,kiew2
蕑,Gian,ʑa:n1
蕓,Vân,vɤn1
蕕,Du,zu1
蕘,Nhiêu,ɲiew1
蕙,Huệ,hwe6
蕝,Toát,twa:t7
蕞,Tối,toj5
蕡,Phần,fɤn2
蕢,Quỹ,kwi4
蕤,Nhuy,ɲwi1
蕨,Quyết,kwiet7
蕩,Đãng,da:ŋ4
蕪,Vu,vu1
薘,Đạt,da:t8
虢,Quách,kwa:ʧ7
蝌,Khoa,xwa:1
蝎,Hạt,ha:t8
蝎,Hiết,hiet7
蝓,Du,zu1
蝗,Hoàng,hwan:ŋ2
蝘,Yển,ien3
蝙,Biên,bien1
蝟,Vị,vi6
蝠,Bức,bɯk7
蝡,Nhuyễn,ɲwien4
蝣,Du,zu1
蝤,Tưu,tɯw1
蝤,Tù,tu2
蝥,Mao,ma:w1
蝦,Hà,ha:2
蝨,Sắt,ʂat5
蝮,Phúc,fuk7
蝯,Viên,vien1
蝱,Manh,ma:ɲ1
蝶,Điệp,diep8
螋,Sưu,ʂɯw1
衛,Vệ,ve6
衝,Xung,suŋ1
褎,Hựu,hɯw6
褒,Bao,ba:w1
褥,Nhục,ɲuk8
褫,Sỉ,ʂi3
褵,Li,li1
覩,Đổ,do3
誰,Thùy,t'wi2
課,Khóa,xwa:5
誶,Tối,toj5
誹,Phỉ,fi3
誼,Nghị,ŋi6
調,Điều,diew2
調,Điệu,diew6
諂,Siểm,ʂiem3
諄,Truân,tʂwɤn1
談,Đàm,da:m2
諉,Ủy,wi3
請,Thỉnh,t'iɲ3
諍,Tránh,tʂa:ɲ5
諏,Tưu,tɯw1
諑,Trác,tʂa:k7
諒,Lượng,lɯɤŋ6
論,Luân,lwɤn1
論,Luận,lwɤn6
諗,Thẩm,t'ɤm3
諛,Du,zu1
諸,Chư,tʂɯ1
諾,Nặc,nak8
豌,Oản,wa:n3
豎,Thụ,t'u6
豫,Dự,zɯ6
豬,Trư,tʂɯ1
貓,Miêu,miew1
貓,Mao,ma:w1
賙,Chu,tʂu1
賚,Lãi,la:j4
賜,Tứ,tɯ5
賝,Sâm,ʂɤm1
賞,Thưởng,t'ɯɤŋ3
賡,Canh,ka:ɲ1
賢,Hiền,hien2
賣,Mại,ma:j6
賤,Tiện,tien6
賦,Phú,fu5
賨,Tung,tuŋ1
質,Chất,tʂɤt7
質,Chí,tʂi5
賭,Đổ,do3
赭,Giả,ʑa:3
趟,Tranh,tʂa:ɲ1
趟,Thảng,t'a:ŋ3
趣,Thú,t'u5
趣,Xúc,suk7
踏,Đạp,da:p8
踐,Tiễn,tien4
踖,Tích,tiʧ7
踘,Cúc,kuk7
踝,Hõa,hwa:4
踞,Cứ,kɯ5
踟,Trì,tʂi2
踡,Quyền,kwien2
踢,Thích,t'iʧ7
踣,Phấu,fɤw5
踣,Bặc,bak8
踥,Thiếp,t'iep7
踦,Khi,xi1
踦,Kỉ,ki3
踧,Địch,diʧ8
踧,Túc,tuk7
輗,Nghê,ŋe1
輘,Lăng,laŋ1
輜,Truy,tʂwi1
輝,Huy,hwi1
輞,Võng,vɔŋ4
輟,Chuyết,tʂwiet7
輠,Quả,qwa:3
輦,Liễn,lien4
輧,Bình,biɲ2
輩,Bối,boj5
輪,Luân,lwɤn1
辤,Từ,tɯ2
遲,Trì,tʂi2
遴,Lận,lɤn6
遵,Tuân,twɤn1
遶,Nhiễu,ɲiew4
遷,Thiên,t'ien1
選,Tuyển,twien3
遹,Duật,zuɤt8
遺,Di,zi1
遺,Dị,zi6
遼,Liêu,liew1
邁,Mại,ma:j6
鄴,Nghiệp,ŋiep8
醁,Lục,luk8
醃,Yêm,iem1
醅,Phôi,foj1
醆,Trản,tʂa:n3
醇,Thuần,t'wɤn2
醉,Túy,twi5
醊,Chuyết,tʂwiet7
醋,Thố,t'o5
銳,Duệ,zwe6
銷,Tiêu,tiew1
銻,Đễ,de4
銼,Tỏa,twa:3
鋀,Đậu,dɤw6
鋃,Lang,la:ŋ1
鋈,Ốc,ok7
鋏,Kiệp,kiep8
鋒,Phong,fɔŋ1
鋙,Ngữ,ŋɯ4
鋝,Luyệt,lwiet8
鋟,Tẩm,tɤm3
鋟,Tiêm,tiem1
鋤,Sừ,ʂɯ2
鋪,Phô,fo1
鋪,Phố,fo5
閫,Khổn,xon3
閬,Lãng,la:ŋ4
閬,Lang,la:ŋ1
閱,Duyệt,zwiet8
險,Hiểm,hiem3
霂,Mộc,mok8
霄,Tiêu,tiew1
霅,Tráp,tʂa:p7
震,Chấn,tʂɤn5
霈,Bái,ba:j5
靚,Tịnh,tiɲ6
靠,Kháo,xa:w5
鞋,Hài,ha:j2
鞍,Yên,ien1
鞏,Củng,kuŋ3
頞,Át,a:t7
頡,Hiệt,hiet8
頦,Hài,ha:j2
頫,Phủ,fu3
頫,Thiếu,t'iew5
餈,Tư,tɯ1
養,Dưỡng,zɯɤŋ4
養,Dượng,zɯɤŋ6
餑,Bột,bot8
餒,Nỗi,noj4
餓,Ngạ,ŋa:6
餔,Bô,bo1
餕,Tuấn,twɤn5
餖,Đậu,dɤw6
餗,Tốc,tok7
餘,Dư,zɯ1
駉,Quynh,kwiɲ1
駐,Trú,tʂu5
駑,Nô,no1
駒,Câu,kɤw1
駔,Tảng,ta:ŋ3
駔,Tổ,to3
駕,Giá,ʑa:5
駘,Đài,da:j2
駘,Đãi,da:j4
駙,Phụ,fu6
駛,Sử,ʂɯ3
駝,Đà,da:2
駟,Tứ,tɯ5
骸,Hài,ha:j2
骼,Cách,ka:ʧ7
髫,Thiều,t'iew2
髮,Phát,fa:t7
髯,Nhiêm,ɲiem1
髴,Phất,fɤt7
鬧,Náo,na:w5
魯,Lỗ,lo4
魴,Phường,fɯɤŋ2
鳸,Hỗ,ho4
鴂,Quyết,kwiet7
儐,Tân,tɤn1
儐,Tấn,tɤn5
儒,Nho,ɲɔ1
儔,Trù,tʂu2
儕,Sài,ʂa:j2
儗,Nghĩ,ŋi4
冀,Kí,ki5
凝,Ngưng,ŋɯŋ1
劑,Tễ,te4
劓,Nhị,ɲi6
勳,Huân,hwɤn1
勵,Lệ,le6
叡,Duệ,zwe6
嘯,Khiếu,xiew5
嘴,Chủy,tʂwi3
噤,Cấm,kɤm5
噥,Nông,noŋ1
噦,Hối,hoj5
噦,Uyết,wiet7
器,Khí,xi5
噩,Ngạc,ŋa:k8
噪,Táo,ta:w5
噫,Y,i1
噬,Phệ,fe6
噭,Khiếu,xiew5
噱,Cược,kɯɤk8
噲,Khoái,xwa:j5
噸,Đốn,don5
圜,Hoàn,hwa:n2
圜,Viên,vien1
墻,Tường,tɯɤŋ2
墼,Kích,kiʧ7
墾,Khẩn,xɤn3
壁,Bích,biʧ7
壅,Ung,uŋ1
壅,Ủng,uŋ3
壇,Đàn,da:n2
壈,Lẫm,lɤm4
奮,Phấn,fɤn5
嬖,Bế,be5
嬗,Thiện,t'ien6
嬙,Tường,tɯɤŋ2
嬛,Huyên,hwien1
嬴,Doanh,zwa:ɲ1
學,Học,hɔk8
寰,Hoàn,hwa:n2
嶧,Dịch,ziʧ8
嶮,Hiểm,hiem3
嶰,Giải,ʑa:j3
嶼,Tự,tɯ6
幧,Thiêu,t'iew1
幨,Xiêm,siem1
幪,Mông,moŋ1
廨,Giải,ʑa:j3
廩,Lẫm,lɤm4
彊,Cường,kɯɤŋ2
彊,Cưỡng,kɯɤŋ4
徼,Kiêu,kiew1
徼,Kiếu,kiew5
憊,Bại,ba:j6
憑,Bằng,baŋ2
憖,Ngận,ŋɤn6
憙,Hí,hi1
憝,Đỗi,doj4
憩,Khế,xe5
憲,Hiến,hien5
憶,Ức,ɯk7
憾,Hám,ha:m5
懈,Giải,ʑa:j3
懊,Áo,a:w5
懌,Dịch,ziʧ8
懍,Lẫm,lɤm4
戰,Chiến,tʂien5
撼,Hám,ha:m5
擁,Ủng,uŋ3
擂,Lôi,loj1
擄,Lỗ,lo4
擅,Thiện,t'ien6
擇,Trạch,tʂa:ʧ8
擋,Đảng,da:ŋ3
操,Thao,t'a:w1
擎,Kình,kiɲ2
擔,Đam,da:m1
擔,Đảm,da:m3
擗,Bịch,biʧ8
據,Cứ,kɯ5
擭,Hoạch,hwa:ʧ8
擭,Oách,wa:ʧ7
整,Chỉnh,tʂiɲ3
暾,Thôn,t'on1
曀,Ê,e1
曆,Lịch,liʧ8
曇,Đàm,da:m2
曈,Đồng,doŋ2
曉,Hiểu,hiew3
樲,Nhị,ɲi6
樵,Tiều,tiew2
樸,Bốc,bok7
樸,Phác,fa:k7
樹,Thụ,t'u6
樽,Tôn,ton1
樾,Việt,viet8
橅,Mô,mo1
橇,Khiêu,xiew1
橈,Nhiêu,ɲiew1
橈,Nạo,na:w6
橋,Kiều,kiew2
橐,Thác,t'a:k7
橕,Xanh,sa:ɲ1
橘,Quất,kwɤt7
橙,Chanh,tʂa:ɲ1
橙,Đắng,daŋ5
橛,Quyết,kwiet7
機,Ki,ki1
橧,Tằng,taŋ2
橧,Tăng,taŋ1
橫,Hoành,hwa:ɲ2
橫,Hoạnh,hwa:ɲ6
檃,Ổn,on3
檇,Tuy,twi1
檎,Cầm,kɤm2
檠,Kềnh,keɲ2
歕,Phun,fun1
歙,Thiệp,t'iep8
歙,Hấp,hɤp7
歷,Lịch,liʧ8
殪,Ế,e5
殫,Đàn,da:n2
毈,Đoạn,dwa:n6
氄,Nhũng,ɲuŋ4
氅,Sưởng,ʂɯɤŋ3
潞,Lộ,lo6
澠,Mẫn,mɤn4
澠,Thằng,t'aŋ2
澡,Táo,ta:w5
澣,Cán,ka:n5
澤,Trạch,tʂa:ʧ8
澥,Hải,ha:j3
澧,Lễ,le4
澨,Phệ,fe6
澮,Quái,kwa:j5
澱,Điến,dien5
澶,Thiền,t'ien2
澹,Đam,da:m1
澹,Đạm,da:m6
澼,Phích,fiʧ7
激,Kích,kiʧ7
濁,Trọc,tʂɔk8
濂,Liêm,liem1
濃,Nùng,nuŋ2
濊,Uế,we5
濊,Khoát,xwa:t7
濛,Mông,moŋ1
熹,Hi,hi1
熾,Sí,ʂi5
燃,Nhiên,ɲien1
燄,Diễm,ziem4
燈,Đăng,daŋ1
燉,Đôn,don1
燎,Liệu,liew6
燐,Lân,lɤn1
燒,Thiêu,t'iew1
燔,Phần,fɤn2
燕,Yên,ien1
燕,Yến,ien5
燖,Tầm,tɤm2
營,Dinh,ziɲ1
燠,Úc,uk7
燧,Toại,twa:j6
獧,Quyến,kwien5
獨,Độc,dok8
獪,Quái,kwa:j5
獫,Hiểm,hiem3
獬,Hải,ha:j3
獲,Hoạch,hwa:ʧ8
璞,Phác,fa:k7
璠,Phan,fa:n1
璣,Ki,ki1
瓢,Biều,biew2
甑,Tắng,taŋ5
甒,Vũ,vu4
瘭,Tiêu,tiew1
瘯,Thốc,t'ot7
瘰,Lõa,lwa:4
瘲,Túng,tuŋ5
瘳,Sưu,ʂɯw1
瘴,Chướng,tʂɯɤŋ5
瘵,Sái,ʂa:j5
瘸,Qua,qwa:1
瘻,Lũ,lu4
癃,Lung,luŋ1
皻,Cha,tʂa:1
盥,Quán,kwa:n5
盦,Am,a:m1
盧,Lô,lo1
瞖,Ế,e5
瞞,Man,ma:n1
瞠,Sanh,ʂa:ɲ1
瞥,Miết,miet7
瞰,Khám,xa:m5
磧,Thích,t'iʧ7
磨,Ma,ma:1
磨,Má,ma:5
磬,Khánh,xa:ɲ5
磲,Cừ,kɯ2
禧,Hi,hi1
禪,Thiền,t'ien2
禪,Thiện,t'ien6
禫,Đạm,da:m6
穄,Tế,te5
穅,Khang,xa:ŋ1
穆,Mục,muk8
穇,Sam,ʂa:m1
穌,Tô,to1
積,Tích,tiʧ7
穎,Dĩnh,ziɲ4
窵,Điếu,diew5
窶,Cũ,ku4
窸,Tất,tɤt7
窺,Khuy,xwi1
窿,Lung,luŋ1
築,Trúc,tʂuk7
篔,Vân,vɤn1
篙,Cao,ka:w1
篚,Phỉ,fi3
篝,Câu,kɤw1
篠,Tiểu,tiew3
篡,Soán,ʂwa:n5
篤,Đốc,dok7
篥,Lật,lɤt8
篦,Bề,be2
篩,Si,ʂi1
篪,Trì,tʂi2
篳,Tất,tɤt7
篴,Địch,diʧ8
篷,Bồng,boŋ2
簉,Sứu,ʂɯw5
糒,Bí,bi5
糕,Cao,ka:w1
糖,Đường,dɯɤŋ2
糗,Khứu,xɯw5
糙,Tháo,t'a:w5
緻,Trí,tʂi5
縈,Oanh,wa:ɲ1
縉,Tấn,tɤn5
縊,Ải,a:j3
縐,Trứu,tʂɯw5
縑,Kiêm,kiem1
縕,Uân,wɤn1
縕,Ôn,on1
縕,Uẩn,wɤn3
縚,Thao,t'a:w1
縛,Phọc,fɔk8
縝,Chẩn,tʂɤn3
縞,Cảo,ka:w3
縟,Nhục,ɲuk8
縠,Hộc,hok8
縢,Đằng,daŋ2
縣,Huyền,hwien2
縣,Huyện,hwien6
縫,Phùng,fuŋ2
縫,Phúng,fuŋ5
縭,Li,li1
罃,Oanh,wa:ɲ1
罹,Li,li1
羲,Hi,hi1
翮,Cách,ka:ʧ7
翰,Hàn,ha:n2
翱,Cao,ka:w1
耨,Nậu,nɤw6
聱,Ngao,ŋa:w1
膨,Bành,ba:ɲ2
膩,Nị,ni6
膰,Phiền,fien2
膳,Thiện,t'ien6
膴,Hô,ho1
膴,Vũ,vu4
臈,Lạp,la:p8
臲,Niết,niet7
臻,Trăn,tʂan1
興,Hưng,hɯŋ1
興,Hứng,hɯŋ5
舉,Cử,kɯ3
艗,Dật,zɤt8
蕭,Tiêu,tiew1
蕷,Dự,zɯ6
蕻,Hống,hoŋ5
蕾,Lôi,loj1
薀,Ôn,on1
薀,Uẩn,wɤn3
薄,Bạc,ba:k8
薇,Vi,vi1
薈,Oái,wa:j5
薊,Kế,ke5
薏,Ý,i5
薑,Khương,xɯɤŋ1
薓,Sâm,ʂɤm1
薔,Tường,tɯɤŋ2
薙,Thế,t'e5
薛,Tiết,tiet7
薜,Bệ,be6
薟,Liễm,liem4
薢,Giải,ʑa:j3
薤,Giới,ʑɤ:j5
薦,Tiến,tien5
薧,Khảo,xa:w3
薧,Hao,ha:w1
薨,Hoăng,hwaŋ1
薩,Tát,ta:t7
薪,Tân,tɤn1
薯,Thự,t'ɯ6
螃,Bàng,ba:ŋ2
螄,Si,ʂi1
螉,Ông,oŋ1
融,Dung,zuŋ1
螓,Tần,tɤn2
螗,Đường,dɯɤŋ2
螘,Nghĩ,ŋi4
螙,Đố,do5
螟,Minh,miɲ1
螢,Huỳnh,hwiɲ2
螣,Đằng,daŋ2
螭,Li,li1
螯,Ngao,ŋa:w1
蟆,Mô,mo1
蟒,Mãng,ma:ŋ4
衞,Vệ,ve6
衡,Hành,ha:ɲ2
褧,Quýnh,kwiɲ5
褰,Khiên,xien1
褱,Hoài,hwa:j2
褶,Triệp,tʂiep8
褶,Tập,tɤp8
褶,Điệp,diep8
褸,Lũ,lu4
襀,Tích,tiʧ7
覦,Du,zu1
親,Thân,t'ɤn1
親,Thấn,t'ɤn5
觱,Tất,tɤt7
諜,Điệp,diep8
諞,Biển,bien3
諟,Thị,t'i6
諠,Huyên,hwien1
諡,Thụy,t'wi6
諢,Ngộn,ŋon6
諤,Ngạc,ŋa:k8
諦,Đế,de5
諧,Hài,ha:j2
諫,Gián,ʑa:n5
諭,Dụ,zu6
諮,Ti,ti1
諱,Húy,hwi5
諳,Am,a:m1
諶,Kham,xa:m1
諷,Phúng,fuŋ5
諺,Ngạn,ŋa:n6
諼,Huyên,hwien1
謀,Mưu,mɯw1
謁,Yết,iet7
謂,Vị,vi6
謎,Mê,me1
謏,Tiểu,tiew3
謔,Hước,hɯɤk7
賮,Tẫn,tɤn4
賴,Lại,la:j6
賵,Phúng,fuŋ5
赬,Xanh,sa:ɲ1
踰,Du,zu1
踱,Đạc,da:k8
踵,Chủng,tʂuŋ3
踶,Đệ,de6
踹,Đoán,dwa:n5
踹,Sủy,ʂwi3
踽,Củ,ku3
蹀,Điệp,diep8
蹁,Biên,bien1
蹂,Nhu,ɲu1
蹂,Nhựu,ɲɯw6
蹄,Đề,de2
蹉,Tha,t'a:1
輭,Nhuyễn,ɲwien4
輮,Nhụ,ɲu6
輯,Tập,tɤp8
輳,Thấu,t'ɤw5
輶,Du,zu1
輸,Thu,t'u1
輹,Phúc,fuk7
輻,Phúc,fuk7
辥,Tiết,tiet7
辦,Biện,bien6
辨,Biện,bien6
遽,Cự,kɯ6
避,Tị,ti6
邀,Yêu,iew1
邂,Giải,ʑa:j3
還,Hoàn,hwa:n2
還,Toàn,twa:n2
邅,Chiên,tʂien1
鄹,Châu,tʂɤw1
鄺,Quảng,kwa:ŋ3
醍,Đề,de2
醍,Thể,t'e3
醐,Hồ,ho2
醑,Tữ,tɯ4
醒,Tỉnh,tiɲ3
醜,Sửu,ʂɯw3
醜,Xú,su5
醝,Ta,ta:1
鋸,Cứ,kɯ5
鋼,Cương,kɯɤŋ1
錄,Lục,luk8
錐,Trùy,tʂwi2
錔,Thạp,t'a:p8
錘,Chùy,tʂwi2
錙,Truy,tʂwi1
錚,Tranh,tʂa:ɲ1
錞,Thuần,t'wɤn2
錞,Đối,doj5
錠,Đĩnh,diɲ4
錡,Ki,ki1
錡,Kĩ,ki4
錢,Tiền,tien2
錢,Tiễn,tien4
錦,Cẩm,kɤm3
錧,Quản,kwa:n3
錫,Tích,tiʧ7
錮,Cố,ko5
錯,Thố,t'o5
錯,Thác,t'a:k7
鍋,Oa,wa:1
鍵,Kiện,kien6
閶,Xương,sɯɤŋ1
閹,Yêm,iem1
閻,Diêm,ziem1
閼,Yên,ien1
閼,Át,a:t7
閽,Hôn,hon1
閾,Vực,vɯk8
闍,Đồ,do2
闍,Xà,sa:2
隰,Thấp,t'ɤp7
隱,Ẩn,ɤn3
隱,Ấn,ɤn5
隷,Lệ,le6
雕,Điêu,diew1
霍,Hoắc,hwak7
霎,Siếp,ʂiep7
霏,Phi,fi1
霑,Triêm,tʂiem1
霓,Nghê,ŋe1
霖,Lâm,lɤm1
霙,Anh,a:ɲ1
靜,Tĩnh,tiɲ4
靦,Điến,dien5
鞔,Man,ma:n1
鞘,Sao,ʂa:w1
頤,Di,zi1
頭,Đầu,dɤw2
頮,Hối,hoj5
頰,Giáp,ʑa:p7
頷,Hạm,ha:m6
頸,Cảnh,ka:ɲ3
頹,Đồi,doj2
頻,Tần,tɤn2
餐,Xan,sa:n1
餚,Hào,ha:w2
餛,Hồn,hon2
餞,Tiễn,tien4
餧,Ủy,wi3
餧,Nỗi,noj4
館,Quán,kwa:n5
駡,Mạ,ma:6
駢,Biền,bien2
駭,Hãi,ha:j4
駮,Bác,ba:k7
駱,Lạc,la:k8
骽,Thối,t'oj5
骾,Ngạnh,ŋa:ɲ6
髭,Tì,ti2
髻,Kế,ke5
魈,Tiêu,tiew1
鮀,Đà,da:2
鮎,Niêm,niem1
鮑,Bảo,ba:w3
鮒,Phụ,fu6
鮓,Trả,tʂa3
鴒,Linh,liɲ1
鴛,Uyên,wien1
鴝,Cù,ku2
鴞,Hào,ha:w2
鴟,Si,ʂi1
鴣,Cô,ko1
鴦,Ương,ɯɤŋ1
鴨,Áp,a:p7
麅,Bào,ba:w2
麇,Quân,kwɤn1
麈,Chủ,tʂu3
黔,Kiềm,kiem2
默,Mặc,mak8
龍,Long,lɔŋ1
償,Thường,t'ɯɤŋ2
儡,Lỗi,loj4
儤,Bạo,ba:w6
儩,Tứ,tɯ5
優,Ưu,ɯw1
儲,Trữ,tʂɯ4
匵,Độc,dok8
嚀,Ninh,niɲ1
嚅,Nhu,ɲu1
嚇,Hách,ha:ʧ7
嚌,Tễ,te4
嚏,Đế,de5
嚮,Hưởng,hɯɤŋ3
嚮,Hướng,hɯɤŋ5
壎,Huân,hwɤn1
壑,Hác,ha:k7
壓,Áp,a:p7
壔,Đảo,da:w3
壕,Hào,ha:w2
壙,Khoáng,xwa:ŋ5
嬪,Tần,tɤn2
嬭,Nãi,na:j4
嬭,Nễ,ne4
嬰,Anh,a:ɲ1
嬲,Niễu,niew4
孺,Nhụ,ɲu6
尷,Giam,ʑa:m1
屨,Lũ,lu4
嶷,Nghi,ŋi1
嶷,Ngực,ŋɯk8
嶸,Vanh,va:ɲ1
嶺,Lĩnh,liɲ4
嶽,Nhạc,ɲa:k8
幫,Bang,ba:ŋ1
幬,Đào,da:w2
幬,Trù,tʂu2
彌,Di,zi1
彍,Khoắc,xwak7
徽,Huy,hwi1
懃,Cần,kɤn2
懇,Khẩn,xɤn3
應,Ưng,ɯŋ1
應,Ứng,ɯŋ5
懋,Mậu,mɤw6
懥,Chí,tʂi5
懦,Nọa,nwa:6
戲,Hí,hi1
戴,Đái,da:j5
擊,Kích,kiʧ7
擘,Phách,fa:ʧ7
擠,Tễ,te4
擡,Đài,da:j2
擢,Trạc,tʂa:k8
擣,Đảo,da:w3
擩,Nhũ,ɲu4
擬,Nghĩ,ŋi4
擯,Bấn,bɤn5
擲,Trịch,tʂiʧ8
擴,Khoáng,xwa:ŋ5
擿,Trích,tʂiʧ7
斁,Dịch,ziʧ8
斁,Đố,do5
斂,Liễm,liem4
斂,Liệm,liem6
斃,Tễ,te4
曖,Ái,a:j5
曙,Thự,t'ɯ6
曚,Mông,moŋ1
朦,Mông,moŋ1
檀,Đàn,da:n2
檄,Hịch,hiʧ8
檉,Sanh,ʂa:ɲ1
檐,Diêm,ziem1
檐,Thiềm,t'iem2
檔,Đáng,da:ŋ5
檜,Cối,kok7
檟,Giả,ʑa:3
檢,Kiểm,kiem3
檣,Tường,tɯɤŋ2
檥,Nghĩ,ŋi4
檬,Mông,moŋ1
櫛,Trất,tʂɤt7
歗,Khiếu,xiew5
歟,Dư,zɯ1
殭,Cương,kɯɤŋ1
殮,Liễm,liem4
氈,Chiên,tʂien1
澀,Sáp,ʂa:p7
濕,Thấp,t'ɤp7
濘,Nính,niɲ5
濞,Tị,ti6
濟,Tể,te3
濟,Tế,te5
濠,Hào,ha:w2
濡,Nhu,ɲu1
濤,Đào,da:w2
濫,Lạm,la:m6
濬,Tuấn,twɤn5
濮,Bộc,bok8
濯,Trạc,tʂa:k8
濰,Duy,zwi1
濱,Tân,tɤn1
瀇,Oảng,wa:ŋ3
瀡,Tủy,twi3
燥,Táo,ta:w5
燦,Xán,sa:n5
燬,Hủy,hwi3
燭,Chúc,tʂuk7
燮,Tiếp,tiep7
爵,Tước,tɯɤk7
牆,Tường,tɯɤŋ2
獮,Tiển,tien3
獯,Huân,hwɤn1
獰,Nanh,na:ɲ1
獷,Quánh,kwa:ɲ5
璐,Lộ,lo6
璨,Xán,sa:n5
璩,Cừ,kɯ2
璪,Tảo,ta:w3
璫,Đang,da:ŋ1
環,Hoàn,hwa:n2
璵,Dư,zɯ1
甓,Bích,biʧ7
甕,Úng,uŋ5
疄,Lân,lɤn1
療,Liệu,liew6
癆,Lao,la:w1
癉,Đan,da:n1
癉,Đản,da:n3
癘,Lệ,le6
皤,Bà,ba:2
盩,Chu,tʂu1
盪,Đãng,da:ŋ4
瞩,Chúc,tʂuk7
瞪,Trừng,tʂɯŋ2
瞬,Thuấn,t'wɤn5
瞭,Liệu,liew6
瞲,Huyết,hwiet7
瞳,Đồng,doŋ2
瞶,Quý,kwi5
矯,Kiểu,kiew3
矰,Tăng,taŋ1
磯,Ki,ki1
磴,Đặng,daŋ6
磷,Lân,lɤn1
磷,Lấn,lɤn5
磻,Bàn,ba:n2
磽,Khao,xa:w1
禦,Ngự,ŋɯ6
禮,Lễ,le4
穗,Tuệ,twe6
窾,Khoản,xwa:n3
竁,Xuế,swe5
篲,Tuệ,twe6
篼,Đâu,dɤw1
篾,Miệt,miet8
簀,Trách,tʂa:ʧ7
簇,Thốc,t'ot7
簋,Quỹ,kwi4
簍,Lâu,lɤw1
簍,Lũ,lu4
簏,Lộc,lok8
簧,Hoàng,hwan:ŋ2
糜,Mi,mi1
糝,Tảm,ta:m3
糞,Phẩn,fɤn3
糟,Tao,ta:w1
糠,Khang,xa:ŋ1
縮,Súc,ʂuk7
縰,Sỉ,ʂi3
縱,Tung,tuŋ1
縱,Túng,tuŋ5
縲,Luy,lwi1
縴,Khiên,xien1
縵,Mạn,ma:n6
縶,Trập,tʂɤp8
縷,Lũ,lu4
縹,Phiếu,fiew5
縻,Mi,mi1
總,Tổng,toŋ3
績,Tích,tiʧ7
縿,Sam,ʂa:m1
繁,Phồn,fon2
繁,Bàn,ba:n2
繃,Banh,ba:ɲ1
繄,Ê,e1
繅,Sào,ʂa:w2
繅,Tảo,ta:w3
繆,Mâu,mɤw1
繆,Mậu,mɤw6
繆,Mục,muk8
繇,Diêu,ziew1
繇,Do,zɔ1
繇,Chựu,tʂɯw6
繈,Cưỡng,kɯɤŋ4
罄,Khánh,xa:ɲ5
罅,Há,ha:5
罽,Kế,ke5
罾,Tăng,taŋ1
罿,Đồng,doŋ2
翳,Ế,e5
翶,Cao,ka:w1
翼,Dực,zɯk8
聯,Liên,lien1
聰,Thông,t'oŋ1
聲,Thanh,t'a:ɲ1
聳,Tủng,tuŋ3
膺,Ưng,ɯŋ1
膽,Đảm,da:m3
膾,uái (Khoá,kwa:j5
膿,Nùng,nuŋ2
臀,Đồn,don2
臂,Tí,ti5
臄,Cược,kɯɤk8
臆,Ức,ɯk7
臉,Thiểm,t'iem3
臉,Liễm,liem4
臊,Tao,ta:w1
臨,Lâm,lɤm1
臨,Lấm,lɤm5
舊,Cựu,kɯw6
艱,Gian,ʑa:n1
薰,Huân,hwɤn1
薴,Trữ,tʂɯ4
薶,Mai,ma:j1
薸,Phiêu,fiew1
薹,Đài,da:j2
薺,Tề,te2
薻,Tảo,ta:w3
藁,Cảo,ka:w3
藂,Tùng,tuŋ2
藉,Tạ,ta:6
藉,Tịch,tiʧ8
藍,Lam,la:m1
藎,Tẫn,tɤn4
藏,Tàng,ta:ŋ2
藏,Tạng,ta:ŋ6
藐,Miểu,miew3
蘤,Hoa,hwa:1
虧,Khuy,xwi1
螫,Thích,t'iʧ7
螬,Tào,ta:w2
螮,Đế,de5
螳,Đường,dɯɤŋ2
螵,Phiêu,fiew1
螺,Loa,lwa:1
螻,Lâu,lɤw1
螽,Chung,tʂuŋ1
螿,Tương,tɯɤŋ1
蟀,Xuất,suɤt7
蟁,Văn,van1
蟄,Trập,tʂɤp8
蟈,Quắc,kwak7
蟊,Mâu,mɤw1
蟋,Tất,tɤt7
蟥,Hoàng,hwan:ŋ2
蠁,Hưởng,hɯɤŋ3
褻,Tiết,tiet7
襁,Cưỡng,kɯɤŋ4
襃,Bao,ba:w1
襄,Tương,tɯɤŋ1
襆,Bộc,bok8
襌,Đan,da:n1
襏,Bát,ba:t7
襖,Áo,a:w5
襚,Tùy,twi2
覬,Kí,ki5
覯,Cấu,kɤw5
觳,Hộc,hok8
觳,Giác,ʑa:k7
謄,Đằng,daŋ2
謅,Sưu,ʂɯw1
謇,Kiển,kien3
謋,Hoạch,hwa:ʧ8
謌,Ca,ka:1
謐,Mịch,miʧ8
謖,Tắc,tak7
謗,Báng,ba:ŋ5
謙,Khiêm,xiem1
講,Giảng,ʑa:ŋ3
謝,Tạ,ta:6
謠,Dao,za:w1
謨,Mô,mo1
謷,Ngao,ŋa:w1
谿,Khê,xe1
豁,Khoát,xwa:t7
豳,Bân,bɤn1
貔,Tì,ti2
賺,Trám,tʂa:m5
賻,Phụ,fu6
購,Cấu,kɤw5
賽,Tái,ta:j5
贅,Chuế,tʂwe5
赯,Đường,dɯɤŋ2
趨,Xu,su1
蹇,Kiển,kien3
蹈,Đạo,da:w6
蹊,Hề,he2
蹋,Đạp,da:p8
蹌,Thương,t'ɯɤŋ1
蹎,Điên,dien1
蹏,Đề,de2
蹐,Tích,tiʧ7
蹕,Tất,tɤt7
輾,Triển,tʂien3
輾,Niễn,nien4
輿,Dư,zɯ1
轂,Cốc,kok7
轄,Hạt,ha:t8
轅,Viên,vien1
邃,Thúy,t'wi5
邇,Nhĩ,ɲi4
邈,Mạc,ma:k8
醞,Uấn,wɤn5
醢,Hải,ha:j3
醨,Li,li1
鍇,Khải,xa:j3
鍊,Luyện,lwien6
鍍,Độ,do6
鍔,Ngạc,ŋa:k8
鍘,Trát,tʂa:t7
鍛,Đoán,dwa:n5
鍤,Tráp,tʂa:p7
鍥,Khiết,xiep7
鍪,Mâu,mɤw1
鍫,Thiêu,t'iew1
鍬,Thiêu,t'iew1
鍮,Thâu,t'ɤw1
鍰,Hoàn,hwa:n2
鍱,Diệp,ziep8
鍼,Châm,tʂɤm1
鍾,Chung,tʂuŋ1
鎚,Chùy,tʂwi2
鎡,Tư,tɯ1
鎪,Sưu,ʂɯw1
闃,Khuých,xwiʧ5
闇,Ám,a:m5
闈,Vi,vi1
闉,Nhân,ɲɤn1
闊,Khoát,xwa:t7
闋,Khuyết,xwiet7
闌,Lan,la:n1
隳,Huy,hwi1
隸,Lệ,le6
雖,Tuy,twi1
雘,Hoạch,hwa:ʧ8
霛,Linh,liɲ1
霜,Sương,ʂɯɤŋ1
霞,Hà,ha:2
鞚,Khống,koŋ5
鞞,Bỉ,bi3
鞠,Cúc,kuk7
鞬,Kiện,kien6
韓,Hàn,ha:n2
韔,Sướng,ʂɯɤŋ5
顆,Khỏa,xwa:3
顇,Tụy,twi6
餬,Hồ,ho2
餱,Hầu,hɤw2
餲,Ế,e5
餲,Ái,a:j5
餲,Át,a:t7
餳,Đường,dɯɤŋ2
餽,Quỹ,kwi4
餿,Sưu,ʂɯw1
馘,Quắc,kwak7
駸,Xâm,sɤm1
駿,Tuấn,twɤn5
騁,Sính,ʂiɲ5
騂,Tinh,tiɲ1
騃,Ngãi,ŋa:j4
髀,Bễ,be4
髁,Khỏa,xwa:3
髼,Bồng,boŋ2
鬴,Phũ,fu4
魊,Vực,vɯk8
魋,Đồi,doj2
魍,Võng,vɔŋ4
魎,Lượng,lɯɤŋ6
魏,Ngụy,ŋwi6
鮆,Tễ,te4
鮝,Tưởng,tɯɤŋ3
鮠,Ngôi,ŋoj1
鮪,Vị,vi6
鮫,Giao,ʑa:w1
鮭,Khuê,xwe1
鮮,Tiên,tien1
鮮,Tiển,tien3
鯈,Du,zu1
鴯,Nhi,ɲi1
鴰,Quát,kwa:t7
鴻,Hồng,hoŋ2
鴽,Như,ɲɯ1
鴿,Cáp,ka:p7
鵂,Hưu,hɯw1
麋,Mi,mi1
麰,Mâu,mɤw1
黏,Niêm,niem1
黛,Đại,da:j6
黜,Truất,tʂwɤt7
點,Điểm,diem3
黻,Phất,fɤt7
黿,Ngoan,ŋwa:n1
鼢,Phẫn,fɤn4
鼾,Han,ha:n1
齋,Trai,tʂa:j1
齔,Sấn,ʂɤn5
龌,Ác,a:k7
龜,Quy,kwi1
龠,Dược,zɯɤk8
儱,Lung,luŋ1
叢,Tùng,tuŋ2
嚚,Ngân,ŋɤn1
壘,Lũy,lwi4
屩,Cược,kɯɤk8
懕,Yêm,iem1
懟,Đỗi,doj4
懣,Muộn,muon6
懵,Mộng,moŋ6
戳,Trạc,tʂa:k8
擥,Lãm,la:m4
擪,Áp,a:p7
擷,Hiệt,hiet8
擺,Bãi,ba:j4
擻,Tẩu,tɤw3
擾,Nhiễu,ɲiew4
攄,Sư,ʂɯ1
斷,Đoạn,dwa:n6
斷,Đoán,dwa:n5
旛,Phan,fa:n1
曛,Huân,hwɤn1
曜,Diệu,ziew6
曠,Khoáng,xwa:ŋ5
檮,Đào,da:w2
檯,Đài,da:j2
檳,Tân,tɤn1
檸,Ninh,niɲ1
檻,Hạm,ha:m6
檿,Yểm,iem3
櫂,Trạo,tʂa:w6
櫃,Quỹ,kwi4
櫚,Lư,lɯ1
歸,Quy,kwi1
殯,Tấn,tɤn5
濺,Tiên,tien1
濺,Tiễn,tien4
濼,Lạc,la:k8
濼,Bạc,ba:k8
瀆,Độc,dok8
瀉,Tả,ta:3
瀋,Thẩm,t'ɤm3
瀍,Triền,tʂien2
瀏,Lưu,lɯw1
瀑,Bộc,bok8
瀦,Trư,tʂɯ1
燹,Tiển,tien3
燻,Huân,hwɤn1
燼,Tẫn,tɤn4
燾,Đảo,da:w3
燿,Diệu,ziew6
爇,Nhiệt,ɲiet8
爌,Hoảng,hwan:ŋ3
獵,Liệp,liep8
璧,Bích,biʧ7
璿,Tuyền,twien2
瓊,Quỳnh,kwiɲ2
甖,Anh,a:ɲ1
癖,Phích,fiʧ7
癗,Lũy,lwi4
癤,Tiết,tiet7
皦,Kiểu,kiew3
盬,Cổ,ko3
瞻,Chiêm,tʂiem1
瞼,Kiểm,kiem3
瞽,Cổ,ko3
瞿,Cù,ku2
瞿,Cụ,ku6
矇,Mông,moŋ1
礎,Sở,ʂɤ:3
礜,Dự,zɯ6
禰,Nỉ,ni3
禱,Đảo,da:w3
穠,Nùng,nuŋ2
穡,Sắc,ʂak7
穢,Uế,we5
穫,Hoạch,hwa:ʧ8
竄,Thoán,t'wa:n5
竅,Khiếu,xiew5
簞,Đan,da:n1
簟,Điệm,diem6
簠,Phủ,fu3
簡,Giản,ʑa:n3
簣,Quỹ,kwi4
簦,Đăng,daŋ1
簨,Tuẩn,twɤn3
簩,Lao,la:w1
簪,Trâm,tʂɤm1
糤,Tản,ta:n3
糧,Lương,lɯɤŋ1
繐,Huệ,hwe6
繒,Tăng,taŋ1
織,Chức,tʂɯk7
繕,Thiện,t'ien6
繖,Tản,ta:n3
繙,Phiên,fien1
繚,Liễu,liew4
繞,Nhiễu,ɲiew4
繢,Hội,hoj6
繣,Hoạch,hwa:ʧ8
繭,Kiển,kien3
罇,Tôn,ton1
羃,Mạc,ma:k8
羵,Phần,fɤn2
翹,Kiều,kiew2
翻,Phiên,fien1
聵,Hội,hoj6
聶,Niếp,niep7
職,Chức,tʂɯk7
臍,Tề,te2
臏,Tẫn,tɤn4
臑,Nhu,ɲu1
藕,Ngẫu,ŋɤw4
藜,Lê,le1
藝,Nghệ,ŋe6
藟,Lũy,lwi4
藤,Đằng,daŋ2
藥,Dược,zɯɤk8
藩,Phiên,fien1
藩,Phan,fa:n1
藪,Tẩu,tɤw3
藭,Cùng,kuŋ2
藳,Cảo,ka:w3
藷,Thự,t'ɯ6
蟛,Bành,ba:ɲ2
蟜,Kiểu,kiew3
蟠,Phiền,fien2
蟠,Bàn,ba:n2
蟢,Hỉ,hi3
蟣,Kì,ki2
蟣,Kỉ,ki3
蟪,Huệ,hwe6
蟫,Đàm,da:m2
蟬,Thiền,t'ien2
蟯,Nhiêu,ɲiew1
蟲,Trùng,tʂuŋ2
蠆,Sái,ʂa:j5
襛,Nùng,nuŋ2
襜,Xiêm,siem1
襟,Khâm,xɤm1
襠,Đang,da:ŋ1
襢,Đản,da:n3
覆,Phú,fu5
覆,Phúc,fuk7
覰,Thứ,t'ɯ5
覲,Cận,kɤn6
觴,Thương,t'ɯɤŋ1
觵,Quang,kwa:ŋ1
謦,Khánh,xa:ɲ5
謫,Trích,tʂiʧ7
謬,Mậu,mɤw6
謳,Âu,ɤw1
謹,Cẩn,kɤn3
謻,Di,zi1
謼,Hô,ho1
謾,Man,ma:n1
謾,Mạn,ma:n6
譁,Hoa,hwa:1
豐,Phong,fɔŋ1
賾,Trách,tʂa:ʧ7
贄,Chí,tʂi5
蹙,Túc,tuk7
蹜,Súc,ʂuk7
蹟,Tích,tiʧ7
蹠,Chích,tʂiʧ7
蹡,Thương,t'ɯɤŋ1
蹢,Trịch,tʂiʧ8
蹢,Đích,diʧ7
蹣,Bàn,ba:n2
蹣,Man,ma:n1
蹤,Tung,tuŋ1
蹩,Biệt,biet8
躇,Trừ,tʂɯ2
軀,Khu,xu1
轆,Lộc,lok8
轇,Giao,ʑa:w1
轉,Chuyển,tʂwien3
轉,Chuyến,tʂwien5
轊,Duệ,zwe6
邊,Biên,bien1
邋,Lạp,la:p8
醪,Lao,la:w1
醫,Y,i1
醬,Tương,tɯɤŋ1
釐,Li,li1
鎊,Bàng,ba:ŋ2
鎋,Hạt,ha:t8
鎌,Liêm,liem1
鎔,Dung,zuŋ1
鎖,Tỏa,twa:3
鎗,Thương,t'ɯɤŋ1
鎛,Bác,ba:k7
鎞,Bề,be2
鎧,Khải,xa:j3
鎩,Sát,ʂa:t7
鎬,Cảo,ka:w3
鎮,Trấn,tʂɤn5
鎰,Dật,zɤt8
鏈,Liên,lien1
鏊,Ngao,ŋa:w1
闐,Điền,dien2
闑,Niết,niet7
闒,Tháp,t'a:p7
闓,Khải,xa:j3
闔,Hạp,ha:p8
闕,Khuyết,xwiet7
闖,Sấm,ʂɤm5
隴,Lũng,luŋ4
雙,Song,ʂɔŋ1
雛,Sồ,ʂo2
雜,Tạp,ta:p8
雝,Ung,uŋ1
雞,Kê,ke1
雠,Thù,t'u2
離,Li,li1
霢,Mạch,ma:ʧ8
霤,Lựu,lɯw6
霧,Vụ,vu6
鞦,Thu,t'u1
鞧,Thu,t'u1
鞨,Hạt,ha:t8
鞫,Cúc,kuk7
鞭,Tiên,tien1
韘,Thiếp,t'iep7
韙,Vĩ,vi4
韞,Uẩn,wɤn3
顋,Tai,ta:j1
題,Đề,de2
額,Ngạch,ŋa:ʧ8
顎,Ngạc,ŋa:k8
顏,Nhan,ɲa:n1
顒,Ngung,ŋuŋ1
顓,Chuyên,tʂwien1
颸,Ti,ti1
颺,Dương,zɯɤŋ1
颼,Sưu,ʂɯw1
餮,Thiết,t'iet7
餺,Bác,ba:k7
餻,Cao,ka:w1
餼,Hí,hi1
餾,Lựu,lɯw6
饁,Diệp,ziep8
馥,Phức,fɯk7
騅,Chuy,tʂwi1
騎,Kị,ki6
騏,Kì,ki2
騑,Phi,fi1
騧,Qua,qwa:1
鬃,Tông,toŋ1
鬄,Thế,t'e5
鬆,Tông,toŋ1
鬈,Quyền,kwien2
鬩,Huých,hwiʧ5
鬵,Tẩm,tɤm3
鮹,Sao,ʂa:w1
鮿,Triếp,tʂiep7
鯀,Cổn,kon3
鯁,Ngạnh,ŋa:ɲ6
鯉,Lí,li5
鯊,Sa,ʂa:1
鯽,Tức,tɯk7
鵑,Quyên,kwien1
鵒,Dục,zuk8
鵓,Bột,bot8
鵜,Đề,de2
鵝,Nga,ŋa:1
鵠,Hộc,hok8
鵠,Cốc,kok7
麌,Ngu,ŋu1
黝,Ửu,ɯw3
黟,Y,i1
黠,Hiệt,hiet8
鼂,Trào,tʂa:w2
鼕,Đông,doŋ1
鼧,Đà,da:2
鼪,Sinh,ʂiɲ1
鼫,Thạch,t'a:ʧ8
鼬,Dứu,zɯw5
齁,Hầu,hɤw2
齌,Tễ,te4
齕,Hột,hot8
勷,Nhương,ɲɯɤŋ1
勸,Khuyến,xwien5
厴,Áp,a:p7
嚥,Yến,ien5
嚨,Lung,luŋ1
嚬,Tần,tɤn2
嚴,Nghiêm,ŋiem1
壚,Lư,lɯ1
壜,Đàm,da:m2
壞,Hoại,hwa:j6
壟,Lũng,luŋ4
嬾,Lãn,la:n4
嬿,Yến,ien5
孼,Nghiệt,ŋiet8
孽,Nghiệt,ŋiet8
寵,Sủng,ʂuŋ3
幰,Hiển,hien3
廬,Lư,lɯ1
懲,Trừng,tʂɯŋ2
懶,Lãn,la:n4
懷,Hoài,hwa:j2
攀,Phan,fa:n1
攈,Quấn,kwɤn5
攏,Long,lɔŋ1
旜,Chiên,tʂien1
旝,Quái,kwa:j5
旟,Dư,zɯ1
曝,Bộc,bok8
櫌,Ưu,ɯw1
櫍,Chất,tʂɤt7
櫓,Lỗ,lo4
櫜,Cao,ka:w1
櫝,Độc,dok8
櫞,Duyên,zwien1
櫟,Lịch,liʧ8
櫫,Trư,tʂɯ1
歠,Xuyết,swiet7
瀘,Lô,lo1
瀚,Hãn,ha:n4
瀛,Doanh,zwa:ɲ1
瀜,Dung,zuŋ1
瀝,Lịch,liʧ8
瀣,Dới,zɤ:j5
瀧,Lang,la:ŋ1
瀨,Lại,la:j6
爆,Bạo,ba:w6
爆,Bộc,bok8
爍,Thước,t'ɯɤk7
牘,Độc,dok8
犢,Độc,dok8
獸,Thú,t'u5
獺,Thát,t'a:t7
璽,Tỉ,ti3
瓈,Lê,le1
瓣,Biện,bien6
疆,Cương,kɯɤŋ1
疇,Trù,tʂu2
癟,Biết,biet7
癡,Si,ʂi1
癢,Dưỡng,zɯɤŋ4
癣,Tiển,tien3
矉,Tần,tɤn2
礙,Ngại,ŋa:j6
礦,Khoáng,xwa:ŋ5
礪,Lệ,le6
穨,Đồi,doj2
穩,Ổn,on3
簫,Tiêu,tiew1
簷,Diêm,ziem1
簸,Bá,ba:5
簹,Đương,dɯɤŋ1
簾,Liêm,liem1
簿,Bộ,bo6
簿,Bạc,ba:k8
籀,Trứu,tʂɯw5
籁,Lại,la:j6
繡,Tú,tu5
繩,Thằng,t'aŋ2
繪,Hội,hoj6
繫,Hệ,he6
繮,Cương,kɯɤŋ1
繯,Hoán,hwa:n5
繳,Kiểu,kiew3
繳,Chước,tʂɯɤk7
繹,Dịch,ziʧ8
繾,Khiển,xien3
罋,Úng,uŋ5
羅,La,la:1
羆,Bi,bi1
羶,Thiên,t'ien1
羸,Luy,lwi1
羹,Canh,ka:ɲ1
翽,Hối,hoj5
翾,Huyên,hwien1
臕,Phiêu,fiew1
臘,Lạp,la:p8
舚,Thiêm,t'iem1
艣,Lỗ,lo4
艤,Nghĩ,ŋi4
艨,Mông,moŋ1
艶,Diễm,ziem4
藶,Lịch,liʧ8
藹,Ái,a:j5
藺,Lận,lɤn6
藻,Tảo,ta:w3
藿,Hoắc,hwak7
蘀,Thác,t'a:k7
蘂,Nhị,ɲi6
蘄,Kì,ki2
蘅,Hành,ha:ɲ2
蘆,Lô,lo1
蘇,Tô,to1
蘊,Uẩn,wɤn3
蘋,Tần,tɤn2
蘧,Cừ,kɯ2
蟶,Sanh,ʂa:ɲ1
蟹,Giải,ʑa:j3
蟺,Thiện,t'ien6
蟻,Nghĩ,ŋi4
蟾,Thiềm,t'iem2
蠃,Loa,lwa:1
蠃,Lỏa,lwa:3
蠅,Dăng,zaŋ1
蠉,Huyên,hwien1
蠊,Liêm,liem1
蠋,Trục,tʂuk8
蠍,Hiết,hiet7
蠓,Mông,moŋ1
蠖,Hoạch,hwa:ʧ8
襞,Bích,biʧ7
襤,Lam,la:m1
襦,Nhu,ɲu1
襪,Vạt,vɤt8
覈,Hạch,ha:ʧ8
觶,Chí,tʂi5
譆,Hi,hi1
譈,Đỗi,doj4
證,Chứng,tʂɯŋ5
譊,Nao,na:w1
譎,Quyệt,kwiet8
譏,Ki,ki1
譔,Soạn,ʂwa:n6
譖,Trấm,tʂɤm5
識,Chí,tʂi5
識,Thức,t'ɯk7
譙,Tiều,tiew2
譚,Đàm,da:m2
譜,Phổ,fo3
警,Cảnh,ka:ɲ3
豷,Ế,e5
贈,Tặng,taŋ6
贉,Đảm,da:m3
贊,Tán,ta:n5
贋,Nhạn,ɲa:n6
蹬,Đặng,daŋ6
蹭,Thặng,t'aŋ6
蹯,Phiền,fien2
蹲,Tồn,ton2
蹴,Xúc,suk7
蹶,Quệ,kwe6
蹶,Quyết,kwiet7
蹺,Khiêu,xiew1
蹻,Khiêu,xiew1
蹻,Kiểu,kiew3
蹻,Cược,kɯɤk8
蹼,Bốc,bok7
轍,Triệt,tʂiet8
轎,Kiệu,kiew6
轔,Lân,lɤn1
辭,Từ,tɯ2
醭,Phốc,fok7
醮,Tiếu,tiew5
醮,Tiếu,tiew5
醯,Ê,e1
醰,Đàm,da:m2
醱,Phát,fa:t7
鏃,Thốc,t'ot7
鏇,Tuyền,twien2
鏐,Lưu,lɯw1
鏑,Đích,diʧ7
鏖,Ao,a:w1
鏗,Khanh,xa:ɲ1
鏘,Thương,t'ɯɤŋ1
鏜,Thang,t'a:ŋ1
鏝,Man,ma:n1
鏞,Dong,zɔŋ1
鏟,Sạn,ʂa:n6
鏡,Kính,kiɲ5
鏢,Tiêu,tiew1
鏤,Lũ,lu4
鏨,Tạm,ta:m6
鐄,Hoành,hwa:ɲ2
闚,Khuy,xwi1
關,Quan,kwa:n1
闞,Hám,ha:m5
闞,Giảm,ʑa:m3
難,Nan,na:n1
難,Nạn,na:n6
霪,Dâm,zɤm1
靡,Mĩ,mi4
鞳,Tháp,t'a:p7
鞴,Bị,bi6
鞵,Hài,ha:j2
鞶,Bàn,ba:n2
鞹,Khoác,xwa:k7
鞾,Ngoa,ŋwa:1
韛,Bị,bi6
韜,Thao,t'a:w1
韝,Câu,kɤw1
韠,Tất,tɤt7
韡,Vĩ,vi4
韻,Vận,vɤn6
顗,Nghĩ,ŋi4
願,Nguyện,ŋwien6
顙,Tảng,ta:ŋ3
顛,Điên,dien1
類,Loại,lwa:j6
颻,Diêu,ziew1
饅,Man,ma:n1
饉,Cận,kɤn6
騖,Vụ,vu6
騙,Phiến,fien5
騣,Tông,toŋ1
騩,Quỷ,kwi3
騭,Chất,tʂɤt7
騰,Đằng,daŋ2
騷,Tao,ta:w1
鬉,Tông,toŋ1
鬋,Tiên,tien1
鬌,Đỏa,dwa:3
魑,Si,ʂi1
鯖,Chinh,tʂiɲ1
鯖,Thinh,t'iɲ1
鯗,Tưởng,tɯɤŋ3
鯛,Điêu,diew1
鯠,Lai,la:j1
鯢,Nghê,ŋe1
鯤,Côn,kon1
鯧,Xương,sɯɤŋ1
鯨,Kình,kiɲ2
鯪,Lăng,laŋ1
鯫,Tưu,tɯw1
鯫,Tẩu,tɤw3
鵡,Vũ,vu4
鵩,Phục,fuk8
鵪,Am,a:m1
鵬,Bằng,baŋ2
鵰,Điêu,diew1
鵲,Thước,t'ɯɤk7
鵶,Nha,ɲa:1
鵷,Uyên,wien1
鵻,Giai,ʑa:j1
鵾,Côn,kon1
鶉,Thuần,t'wɤn2
鶊,Canh,ka:ɲ1
鹹,Hàm,ha:m2
麑,Nghê,ŋe1
麒,Kì,ki2
麓,Lộc,lok8
麕,Quân,kwɤn1
麗,Lệ,le6
麗,Li,li1
麴,Khúc,xuk7
黼,Phủ,fu3
鼃,Oa,wa:1
鼗,Đào,da:w2
鼮,Đình,diɲ2
齗,Ngân,ŋɤn1
齘,Giới,ʑɤ:j5
龐,Bàng,ba:ŋ2
嚱,Hi,hi1
嚲,Đả,da:3
嚳,Khốc,xok7
嚶,Anh,a:ɲ1
嚼,Tước,tɯɤk7
壤,Nhưỡng,ɲɯɤŋ4
孀,Sương,ʂɯɤŋ1
孃,Nương,nɯɤŋ1
寶,Bảo,ba:w3
巇,Hi,hi1
巉,Sàm,ʂa:m2
巍,Nguy,ŋwi1
懸,Huyền,hwien2
懺,Sám,ʂa:m5
懽,Hoàn,hwa:n2
攔,Lan,la:n1
攖,Anh,a:ɲ1
攘,Nhương,ɲɯɤŋ1
攙,Sam,ʂa:m1
斆,Hiệu,hiew6
曦,Hi,hi1
曨,Lông,loŋ1
朧,Lông,loŋ1
櫨,Lô,lo1
櫪,Lịch,liʧ8
櫬,Sấn,ʂɤn5
櫱,Nghiệt,ŋiet8
櫳,Long,lɔŋ1
櫸,Cử,kɯ3
瀰,Di,zi1
瀲,Liễm,liem4
瀹,Thược,t'ɯɤk8
瀼,Nhương,ɲɯɤŋ1
瀾,Lan,la:n1
灌,Quán,kwa:n5
爐,Lô,lo1
犧,Hi,hi1
獻,Hiến,hien5
獼,Mi,mi1
獾,Hoan,hwa:n1
瓏,Lung,luŋ1
甗,Nghiễn,ŋien4
癥,Trưng,tʂɯŋ1
矍,Quắc,kwak7
礧,Lôi,loj1
礫,Lịch,liʧ8
礬,Phàn,fa:n2
竇,Đậu,dɤw6
競,Cạnh,ka:ɲ6
籃,Lam,la:m1
籌,Trù,tʂu2
籍,Tịch,tiʧ8
糯,Nọa,nwa:6
糲,Lệ,le6
繻,Nhu,ɲu1
繼,Kế,ke5
繽,Tân,tɤn1
纁,Huân,hwɤn1
纂,Toản,twa:n3
纊,Khoáng,xwa:ŋ5
罌,Anh,a:ɲ1
翿,Đạo,da:w6
耀,Diệu,ziew6
臚,Lư,lɯ1
臛,Hoắc,hwak7
艦,Hạm,ha:m6
蘖,Nghiệt,ŋiet8
蘘,Nhương,ɲɯɤŋ1
蘚,Tiển,tien3
蘞,Liêm,liem1
蘞,Liễm,liem4
蘩,Phiền,fien2
蘭,Lan,la:n1
蠐,Tề,te2
蠑,Vinh,viɲ1
蠔,Hào,ha:w2
蠕,Nhu,ɲu1
蠙,Tân,tɤn1
蠛,Miệt,miet8
蠣,Lệ,le6
衊,Miệt,miet8
襫,Thích,t'iʧ7
襬,Bi,bi1
襭,Hiệt,hiet8
襮,Bộc,bok8
覺,Giác,ʑa:k7
覺,Giáo,ʑa:w5
觸,Xúc,suk7
譍,Ứng,ɯŋ5
譟,Táo,ta:w5
譫,Chiêm,tʂiem1
譬,Thí,t'i5
譭,Hủy,hwi3
譯,Dịch,ziʧ8
議,Nghị,ŋi6
譱,Thiện,t'ien6
譴,Khiển,xien3
護,Hộ,ho6
譽,Dự,zɯ6
賸,Thặng,t'aŋ6
贍,Thiệm,t'iem6
躁,Táo,ta:w5
躃,Tích,tiʧ7
躄,Tích,tiʧ7
躅,Trục,tʂuk8
轖,Sắc,ʂak7
轗,Khảm,xa:m3
轘,Hoàn,hwa:n2
辮,Biện,bien6
酆,Phong,fɔŋ1
醲,Nùng,nuŋ2
醴,Lễ,le4
醵,Cự,kɯ6
釋,Thích,t'iʧ7
鏹,Cưỡng,kɯɤŋ4
鐃,Nao,na:w1
鐋,Thảng,t'a:ŋ3
鐍,Quyết,kwiet7
鐎,Tiêu,tiew1
鐏,Tỗn,ton4
鐐,Liêu,liew1
鐓,Đối,doj5
鐘,Chung,tʂuŋ1
鐙,Đặng,daŋ6
鐧,Giản,ʑa:n3
鐫,Tuyên,twien1
闠,Hội,hoj6
闡,Xiển,sien3
闢,Tịch,tiʧ8
闤,Hoàn,hwa:n2
闥,Thát,t'a:t7
霰,Tản,ta:n3
霱,Duật,zuɤt8
韽,Am,a:m1
響,Hưởng,hɯɤŋ3
顢,Man,ma:n1
顣,Túc,tuk7
飂,Liêu,liew1
飄,Phiêu,fiew1
饊,Tản,ta:n3
饋,Quỹ,kwi4
饌,Soạn,ʂwa:n6
饎,Sí,ʂi5
饐,Ý,i5
饑,Ki,ki1
饒,Nhiêu,ɲiew1
饗,Hưởng,hɯɤŋ3
馨,Hinh,hiɲ1
騫,Khiên,xien1
騮,Lưu,lɯw1
騶,Sô,ʂo1
驀,Mạch,ma:ʧ8
驁,Ngao,ŋa:w1
驁,Ngạo,ŋa:w6
驊,Hoa,hwa:1
髏,Lâu,lɤw1
鬐,Kì,ki2
鬒,Chẩn,tʂɤn3
魔,Ma,ma:1
鯶,Hỗn,hon4
鯿,Biên,bien1
鰂,Tặc,tak8
鰈,Điệp,diep8
鰉,Hoàng,hwan:ŋ2
鰋,Yển,ien3
鰌,Thu,t'u1
鰍,Thu,t'u1
鰐,Ngạc,ŋa:k8
鰒,Phục,fuk8
鰓,Tai,ta:j1
鰕,Hà,ha:2
鶒,Xích,siʧ7
鶘,Hồ,ho2
鶚,Ngạc,ŋa:k8
鶡,Hạt,ha:t8
鶩,Vụ,vu6
鶻,Cốt,kot7
鶻,Hoạt,hwa:t8
鷀,Từ,tɯ2
鹺,Ta,ta:1
麵,Miến,mien5
黥,Kình,kiɲ2
黦,Uất,wɤt7
黧,Lê,le1
黨,Đảng,da:ŋ3
鼯,Ngô,ŋo1
齚,Trách,tʂa:ʧ7
齟,Trở,tʂɤ:3
齡,Linh,liɲ1
儷,Lệ,le6
儺,Na,na:1
儼,Nghiễm,ŋiem4
劘,Mi,mi1
囀,Chuyển,tʂwien3
囁,Chiếp,tʂiep7
囂,Hiêu,hiew1
囈,Nghệ,ŋe6
夔,Quỳ,kwi2
屬,Thuộc,t'uok8
巋,Khuy,xwi1
廱,Ung,uŋ1
懼,Cụ,ku6
懾,Nhiếp,ɲiep7
攜,Huề,hwe2
攝,Nhiếp,ɲiep7
斕,Lan,la:n1
曩,Nẵng,naŋ4
櫺,Linh,liɲ1
櫻,Anh,a:ɲ1
欃,Sàm,ʂa:m2
欄,Lan,la:n1
權,Quyền,kwien2
歡,Hoan,hwa:n1
殲,Tiêm,tiem1
灄,Nhiếp,ɲiep7
灉,Ung,uŋ1
灊,Tiềm,tiem2
灕,Li,li1
爚,Dược,zɯɤk8
爛,Lạn,la:n6
爝,Tước,tɯɤk7
瓔,Anh,a:ɲ1
瓖,Tương,tɯɤŋ1
癧,Lịch,liʧ8
癩,Lại,la:j6
癮,Ẩn,ɤn3
矐,Hoắc,hwak7
矑,Lô,lo1
礮,Pháo,fa:w5
礱,Lung,luŋ1
礴,Bạc,ba:k8
禳,Nhương,ɲɯɤŋ1
禴,Dược,zɯɤk8
竈,Táo,ta:w5
籑,Soạn,ʂwa:n6
纆,Mặc,mak8
纇,Lỗi,loj4
續,Tục,tuk8
纍,Luy,lwi1
纍,Lụy,lwi6
纏,Triền,tʂien2
罍,Lôi,loj1
羼,Sạn,ʂa:n6
耰,Ưu,ɯw1
臝,Lỏa,lwa:3
蘺,Li,li1
蠜,Phàn,fa:n2
蠟,Lạp,la:p8
蠡,Lê,le1
蠡,Lễ,le4
蠡,Lãi,la:j4
蠢,Xuẩn,swɤn3
襯,Sấn,ʂɤn5
覼,La,la:1
覽,Lãm,la:m4
譸,Trù,tʂu2
贑,Cống,koŋ5
贓,Tang,ta:ŋ1
贔,Bí,bi5
趯,Địch,diʧ8
躊,Trù,tʂu2
躋,Tê,te1
躋,Tễ,te4
躍,Dược,zɯɤk8
躑,Trịch,tʂiʧ8
轞,Hạm,ha:m6
轟,Hoanh,hwa:ɲ1
辯,Biện,bien6
酇,Tán,ta:n5
酈,Li,li1
酈,Lịch,liʧ8
醺,Huân,hwɤn1
醻,Trù,tʂu2
鐮,Liêm,liem1
鐲,Trạc,tʂa:k8
鐳,Lôi,loj1
鐵,Thiết,t'iet7
鐶,Hoàn,hwa:n2
鐸,Đạc,da:k8
鐺,Đang,da:ŋ1
鐺,Sanh,ʂa:ɲ1
鑊,Hoạch,hwa:ʧ8
露,Lộ,lo6
霶,Bàng,ba:ŋ2
霸,Bá,ba:5
霹,Phích,fiʧ7
靧,Hối,hoj5
顥,Hạo,ha:w6
顦,Tiều,tiew2
顧,Cố,ko5
飆,Tiêu,tiew1
飜,Phiên,fien1
饘,Chiên,tʂien1
騾,Loa,lwa:1
驂,Tham,t'a:m1
驃,Phiếu,fiew5
驄,Thông,t'oŋ1
驅,Khu,xu1
髒,Tảng,ta:ŋ3
髓,Tủy,twi3
鬖,Tam,ta:m1
鬘,Man,ma:n1
鬫,Hám,ha:m5
鰜,Kiêm,kiem1
鰣,Thì,t'i2
鰥,Quan,kwa:n1
鰨,Tháp,t'a:p7
鰩,Diêu,ziew1
鰭,Kì,ki2
鰱,Liên,lien1
鰲,Ngao,ŋa:w1
鰷,Điều,diew2
鶬,Thương,t'ɯɤŋ1
鶯,Oanh,wa:ɲ1
鶴,Hạc,ha:k8
鶹,Lưu,lɯw1
鶺,Tích,tiʧ7
鶼,Kiêm,kiem1
鷁,Nghịch,ŋiʧ8
鷂,Diêu,ziew1
鷃,Yến,ien5
鷄,Kê,ke1
鷇,Cấu,kɤw5
鹻,Dảm,za:m3
麝,Xạ,sa:6
黮,Đạm,da:m6
黮,Thảm,t'a:m3
黯,Ảm,a:m3
鼙,Bề,be2
齎,Tê,te1
齦,Ngân,ŋɤn1
齦,Khẩn,xɤn3
齧,Niết,niet7
齩,Giảo,ʑa:w3
亹,Mên,men1
亹,Vỉ,vi3
儻,Thảng,t'a:ŋ3
囉,La,la:1
囊,Nang,na:ŋ1
圝,Loan,lwa:n1
孌,Luyến,lwien5
巒,Loan,lwa:n1
巔,Điên,dien1
巖,Nham,ɲa:m1
彎,Loan,lwa:n1
懿,Ý,i5
攢,Toản,twa:n3
攢,Toàn,twa:n2
攤,Than,t'a:n1
氍,Cù,ku2
灑,Sái,ʂa:j5
灘,Than,t'a:n1
玁,Hiểm,hiem3
瓤,Nhương,ɲɯɤŋ1
疊,Điệp,diep8
癬,Tiển,tien3
癭,Anh,a:ɲ1
皭,Tước,tɯɤk7
穰,Nhương,ɲɯɤŋ1
穰,Nhưỡng,ɲɯɤŋ4
竊,Thiết,t'iet7
籙,Lục,luk8
籛,Tiên,tien1
籜,Thác,t'a:k7
籟,Lại,la:j6
籠,Lung,luŋ1
籧,Cừ,kɯ2
糱,Nghiệt,ŋiet8
糴,Địch,diʧ8
纑,Lư,lɯ1
羇,Ki,ki1
聽,Thinh,t'iɲ1
聽,Thính,t'iɲ5
聾,Lung,luŋ1
臞,Cù,ku2
艫,Lô,lo1
蘸,Trám,tʂa:m5
蘼,Mi,mi1
蘿,La,la:1
蠨,Tiêu,tiew1
蠭,Phong,fɔŋ1
襲,Tập,tɤp8
覿,Địch,diʧ8
讀,Độc,dok8
讁,Trích,tʂiʧ7
讎,Thù,t'u2
贖,Thục,t'uk8
贗,Nhạn,ɲa:n6
躐,Liệp,liep8
躒,Lạc,la:k8
躒,Lịch,liʧ8
躓,Chí,tʂi5
躔,Triền,tʂien2
躕,Trù,tʂu2
躗,Vệ,ve6
躚,Tiên,tien1
轡,Bí,bi5
轢,Lịch,liʧ8
邏,La,la:1
邐,Lệ,le6
鑄,Chú,tʂu5
鑌,Tấn,tɤn5
鑑,Giám,ʑa:m5
鑒,Giám,ʑa:m5
鑛,Khoáng,xwa:ŋ5
霽,Tễ,te4
霾,Mai,ma:j1
韁,Cương,kɯɤŋ1
顫,Chiến,tʂien5
饔,Ung,uŋ1
饕,Thao,t'a:w1
驍,Kiêu,kiew1
驕,Kiêu,kiew1
驚,Kinh,kiɲ1
髑,Độc,dok8
體,Thể,t'e3
鬙,Man,ma:n1
鬚,Tu,tu1
鬻,Dục,zuk8
鰵,Mẫn,mɤn4
鰻,Man,ma:n1
鰾,Phiêu,fiew1
鱅,Dong,zɔŋ1
鱉,Miết,miet7
鷓,Chá,tʂa:5
鷖,Ê,e1
鷗,Âu,ɤw1
鷙,Chí,tʂi5
鷞,Sương,ʂɯɤŋ1
鷟,Trạc,tʂa:k8
鷩,Tế,te5
麞,Chương,tʂɯɤŋ1
麟,Lân,lɤn1
黐,Li,li1
黰,Chẩn,tʂɤn3
鼴,Yển,ien3
齪,Xúc,suk7
齬,Ngữ,ŋɯ4
龔,Cung,kuŋ1
龕,Kham,xa:m1
龢,Hòa,hwa:2
巘,Nghiễn,ŋien4
戀,Luyến,lwien5
戄,Quặc,kwak8
攣,Luyên,lwien1
攩,Đảng,da:ŋ3
攪,Giảo,ʑa:w3
攫,Quặc,kwak8
曬,Sái,ʂa:j5
欏,La,la:1
欒,Loan,lwa:n1
瓚,Toản,twa:n3
癯,Cù,ku2
癰,Ung,uŋ1
籤,Thiêm,t'iem1
籥,Thược,t'ɯɤk8
纓,Anh,a:ɲ1
纔,Tài,ta:j2
纕,Tương,tɯɤŋ1
纕,Tương,tɯɤŋ1
纖,Tiêm,tiem1
罐,Quán,kwa:n5
蠱,Cổ,ko3
變,Biến,bien5
讋,Triệp,tʂiep8
讌,Yên,ien1
贏,Doanh,zwa:ɲ1
轤,Lô,lo1
醼,Yến,ien5
鑕,Chất,tʂɤt7
鑞,Lạp,la:p8
鑠,Thước,t'ɯɤk7
鑢,Lự,lɯ6
鑣,Tiêu,tiew1
靆,Đãi,da:j4
靨,Yếp,iep7
韈,Vạt,vɤt8
韤,Vạt,vɤt8
顬,Nhu,ɲu1
顯,Hiển,hien3
饜,Yếm,iem5
驗,Nghiệm,ŋiem6
驛,Dịch,ziʧ8
髕,Tẫn,tɤn4
鬟,Hoàn,hwa:n2
魘,Yểm,iem3
鱒,Tỗn,ton4
鱔,Thiện,t'ien6
鱖,Quyết,kwiet7
鱗,Lân,lɤn1
鷦,Tiêu,tiew1
鷯,Liêu,liew1
鷲,Thứu,t'ɯw5
鷳,Nhàn,ɲa:n2
鷸,Duật,zuɤt8
鹼,Thiêm,t'iem1
鹼,Dảm,za:m3
黴,Mi,mi1
鼇,Ngao,ŋa:w1
鼷,Hề,he2
齏,Tê,te1
齮,Nghĩ,ŋi4
囑,Chúc,tʂuk7
攬,Lãm,la:m4
灞,Bá,ba:5
癲,Điên,dien1
矗,Súc,ʂuk7
籩,Biên,bien1
籬,Li,li1
羈,Ki,ki1
艷,Diễm,ziem4
虆,Luy,lwi1
蠲,Quyên,kwien1
蠵,Huề,hwe2
蠶,Tàm,ta:m2
蠹,Đố,do5
衋,Hực,hɯk8
衢,Cù,ku2
襻,Phán,fa:n5
觀,Quan,kwa:n1
觀,Quán,kwa:n5
讒,Sàm,ʂa:m2
讓,Nhượng,ɲɯɤŋ6
讕,Lan,la:n1
讖,Sấm,ʂɤm5
貛,Hoan,hwa:n1
贛,Cống,koŋ5
贛,Cám,ka:m5
躞,Tiệp,tiep8
醽,Linh,liɲ1
醾,Mi,mi1
釀,Nhưỡng,ɲɯɤŋ4
釂,Tiếu,tiew5
鑪,Lô,lo1
靂,Lịch,liʧ8
靄,Ái,a:j5
靈,Linh,liɲ1
韆,Thiên,t'ien1
顰,Tần,tɤn2
驝,Thác,t'a:k7
驟,Sậu,ʂɤw6
鬢,Tấn,tɤn5
鱟,Hấu,hɤw5
鱠,Khoái,xwa:j5
鱣,Chiên,tʂien1
鱧,Lễ,le4
鱮,Tự,tɯ6
鷫,Túc,tuk7
鷹,Ưng,ɯŋ1
鷺,Lộ,lo6
鷽,Hạc,ha:k8
鷾,Ý,i5
鸂,Khê,xe1
鸇,Chiên,tʂien1
鹽,Diêm,ziem1
黌,Huỳnh,hwiɲ2
齆,Úng,uŋ5
齲,Khủ,xu3
齷,Ác,a:k7
廳,Thính,t'iɲ5
彠,Hoạch,hwa:ʧ8
欖,Lãm,la:m4
欛,Bá,ba:5
欝,Uất,wɤt7
灣,Loan,lwa:n1
籮,La,la:1
糶,Thiếu,t'iew5
纘,Toản,twa:n3
纚,Sỉ,ʂi3
纛,Độc,dok8
纛,Đạo,da:w6
臠,Luyến,lwien5
臡,Nê,ne1
蠻,Man,ma:n1
觿,Huề,hwe2
讙,Hoan,hwa:n1
豒,Trật,tʂɤt8
躡,Niếp,niep7
鑰,Thược,t'ɯɤk8
鑱,Sàm,ʂa:m2
鑲,Tương,tɯɤŋ1
鑵,Quán,kwa:n5
靉,Ái,a:j5
韉,Tiên,tien1
顱,Lô,lo1
饞,Sàm,ʂa:m2
鬣,Liệp,liep8
鱨,Thường,t'ɯɤŋ2
鱭,Tễ,te4
鸋,Ninh,niɲ1
鸎,Oanh,wa:ɲ1
鸑,Nhạc,ɲa:k8
鼈,Miết,miet7
鼉,Đà,da:2
齇,Tra,tʂa1
灤,Loan,lwa:n1
矚,Chúc,tʂuk7
籯,Doanh,zwa:ɲ1
籰,Dược,zɯɤk8
讚,Tán,ta:n5
趲,Toản,twa:n3
躧,Sỉ,ʂi3
釁,Hấn,hɤn5
釃,Si,ʂi1
釅,Nghiệm,ŋiem6
鑴,Huề,hwe2
鑷,Nhiếp,ɲiep7
顴,Quyền,kwien2
驢,Lư,lɯ1
驥,Kí,ki5
鱵,Châm,tʂɤm1
黶,Yểm,iem3
灨,Cám,ka:m5
纜,Lãm,la:m4
讜,Đảng,da:ŋ3
讞,Nghiện,ŋien6
躩,Quặc,kwak8
躩,Khước,xɯɤk7
鑼,La,la:1
鑽,Toàn,twa:n2
鑽,Toản,twa:n3
鑾,Loan,lwa:n1
顳,Nhiếp,ɲiep7
驤,Tương,tɯɤŋ1
驩,Hoan,hwa:n1
鬮,Cưu,kɯw1
鱸,Lư,lɯ1
鸕,Lô,lo1
黷,Độc,dok8
戇,Tráng,tʂa:ŋ5
豔,Diễm,ziem4
鑿,Tạc,ta:k8
钁,Quắc,kwak7
鸚,Anh,a:ɲ1
鸛,Quán,kwa:n5
爨,Thoán,t'wa:n5
讟,Độc,dok8
驘,Loa,lwa:1
驪,Li,li1
鬱,Uất,wɤt7
鸜,Cù,ku2
鱺,Li,li1
鸝,Li,li1
鸞,Loan,lwa:n1
灩,Diễm,ziem4
籲,Dụ,zu6
鱻,Tiên,tien1
麤,Thô,t'o1
